#,time,type,order_num,lot,price,s/l,t/p,profit,sum
1,2015.01.05 00:25,sell,1,1,0.9573,0.9775,0,0,10000
2,2015.01.05 00:28,close,1,1,0.9558,0.9775,0,112.16,10112.16
3,2015.01.05 22:02,buy,2,1.01,0.95123,0.93103,0,0,10112.16
4,2015.01.05 22:15,buy,3,1.4,0.95093,0.93073,0,0,10112.16
5,2015.01.05 23:46,close,2,1.01,0.95119,0.93103,0,-3.03,10109.13
6,2015.01.05 23:46,close,3,1.4,0.9512,0.93073,0,28.27,10137.4
7,2015.01.06 22:26,buy,4,1.02,0.95651,0.93631,0,0,10137.4
8,2015.01.07 01:19,close,4,1.02,0.9566,0.93631,0,7.39,10144.79
9,2015.01.12 00:00,sell,5,1.02,0.97319,0.99339,0,0,10144.79
10,2015.01.12 00:09,sell,6,1.4,0.97369,0.99389,0,0,10144.79
11,2015.01.12 02:15,close,5,1.02,0.97348,0.99339,0,-22.12,10122.67
12,2015.01.12 02:15,close,6,1.4,0.9735,0.99389,0,19.89,10142.56
13,2015.01.20 22:45,sell,7,1.02,0.9897,1.0099,0,0,10142.56
14,2015.01.20 23:37,sell,8,1.4,0.99037,1.01057,0,0,10142.56
15,2015.01.20 23:50,close,7,1.02,0.98907,1.0099,0,48.05,10190.61
16,2015.01.20 23:50,close,8,1.4,0.98909,1.01057,0,133.99,10324.6
17,2015.01.21 22:32,buy,9,1.03,0.99769,0.97749,0,0,10324.6
18,2015.01.21 23:12,close,9,1.03,0.99918,0.97749,0,114.78,10439.38
19,2015.01.22 22:00,buy,10,1.05,0.99673,0.97653,0,0,10439.38
20,2015.01.22 22:03,buy,11,1.44,0.99643,0.97623,0,0,10439.38
21,2015.01.23 00:45,close,10,1.05,0.9944,0.97653,0,-182.43,10256.95
22,2015.01.23 00:45,close,11,1.44,0.99439,0.97623,0,-218.95,10038
23,2015.01.26 00:09,buy,12,1.01,0.97887,0.95867,0,0,10038
24,2015.01.26 00:46,close,12,1.01,0.98039,0.95867,0,114.82,10152.82
25,2015.01.26 23:04,sell,13,1.02,0.98744,1.00764,0,0,10152.82
26,2015.01.26 23:09,sell,14,1.4,0.98794,1.00814,0,0,10152.82
27,2015.01.27 00:38,close,13,1.02,0.98744,1.00764,0,-4.49,10148.33
28,2015.01.27 00:38,close,14,1.4,0.98745,1.00814,0,45.12,10193.45
29,2015.01.28 22:35,buy,15,1.02,0.98974,0.96954,0,0,10193.45
30,2015.01.29 00:26,close,15,1.02,0.9898,0.96954,0,6.17,10199.62
31,2015.02.02 00:10,buy,16,1.02,0.98388,0.96368,0,0,10199.62
32,2015.02.02 00:18,close,16,1.02,0.98538,0.96368,0,114.43,10314.05
33,2015.02.02 22:54,buy,17,1.03,0.98141,0.96121,0,0,10314.05
34,2015.02.03 01:05,close,17,1.03,0.98091,0.96121,0,-37.98,10276.07
35,2015.02.04 22:00,sell,18,1.03,0.97753,0.99773,0,0,10276.07
36,2015.02.04 22:46,close,18,1.03,0.97603,0.99773,0,115.52,10391.59
37,2015.02.09 00:10,buy,19,1.04,0.97313,0.95293,0,0,10391.59
38,2015.02.09 03:00,close,19,1.04,0.971,0.95293,0,-165.67,10225.92
39,2015.02.19 00:25,sell,20,1.03,0.97328,0.99348,0,0,10225.92
40,2015.02.19 01:46,close,20,1.03,0.9726,0.99348,0,52.37,10278.29
41,2015.02.23 00:10,sell,21,1.03,0.98301,1.00321,0,0,10278.29
42,2015.02.23 02:57,close,21,1.03,0.98265,1.00321,0,27.73,10306.02
43,2015.02.24 22:00,buy,22,1.03,0.97866,0.95846,0,0,10306.02
44,2015.02.24 22:12,buy,23,1.42,0.97836,0.95816,0,0,10306.02
45,2015.02.25 01:40,close,22,1.03,0.97798,0.95846,0,-51.85,10254.17
46,2015.02.25 01:40,close,23,1.42,0.97799,0.95816,0,-38.55,10215.62
47,2015.03.03 00:00,buy,24,1.02,0.97317,0.95297,0,0,10215.62
48,2015.03.03 02:30,close,24,1.02,0.97342,0.95297,0,19.07,10234.69
49,2015.03.05 22:00,sell,25,1.03,0.97235,0.99255,0,0,10234.69
50,2015.03.05 23:44,close,25,1.03,0.9717,0.99255,0,50.06,10284.75
51,2015.03.10 23:30,sell,26,1.03,0.96699,0.98719,0,0,10284.75
52,2015.03.11 03:00,close,26,1.03,0.96855,0.98719,0,-124.68,10160.07
53,2015.03.17 22:00,sell,27,1.02,0.97407,0.99427,0,0,10160.07
54,2015.03.17 22:30,close,27,1.02,0.97321,0.99427,0,65.59,10225.66
55,2015.03.23 00:20,sell,28,1.03,0.97859,0.99879,0,0,10225.66
56,2015.03.23 02:09,close,28,1.03,0.97832,0.99879,0,20.79,10246.45
57,2015.03.23 22:35,sell,29,1.03,0.98624,1.00644,0,0,10246.45
58,2015.03.23 22:38,sell,30,1.41,0.98677,1.00697,0,0,10246.45
59,2015.03.24 00:10,close,29,1.03,0.986,1.00644,0,13.94,10260.39
60,2015.03.24 00:10,close,30,1.41,0.98606,1.00697,0,68.65,10329.04
61,2015.03.31 22:00,buy,31,1.04,0.96385,0.94365,0,0,10329.04
62,2015.03.31 22:03,buy,32,1.43,0.96352,0.94332,0,0,10329.04
63,2015.03.31 23:00,close,31,1.04,0.96453,0.94365,0,52.9,10381.94
64,2015.03.31 23:00,close,32,1.43,0.96454,0.94332,0,109.09,10491.03
65,2015.04.02 00:10,buy,33,1.05,0.9586,0.9384,0,0,10491.03
66,2015.04.02 00:36,close,33,1.05,0.95921,0.9384,0,47.9,10538.93
67,2015.04.06 22:10,buy,34,1.06,0.94968,0.92948,0,0,10538.93
68,2015.04.06 22:16,buy,35,1.46,0.94938,0.92918,0,0,10538.93
69,2015.04.07 00:32,close,34,1.06,0.94867,0.92948,0,-79.52,10459.41
70,2015.04.07 00:32,close,35,1.46,0.9487,0.92918,0,-73.49,10385.92
71,2015.04.09 00:10,buy,36,1.04,0.96322,0.94302,0,0,10385.92
72,2015.04.09 00:35,close,36,1.04,0.96411,0.94302,0,69.23,10455.15
73,2015.04.13 00:10,buy,37,1.05,0.96461,0.94441,0,0,10455.15
74,2015.04.13 00:21,buy,38,1.44,0.96391,0.94371,0,0,10455.15
75,2015.04.13 03:00,close,37,1.05,0.96363,0.94441,0,-76.96,10378.19
76,2015.04.13 03:00,close,38,1.44,0.96364,0.94371,0,-29.08,10349.11
77,2015.04.15 01:46,buy,39,1.04,0.95087,0.93067,0,0,10349.11
78,2015.04.15 03:00,close,39,1.04,0.9504,0.93067,0,-36.56,10312.55
79,2015.04.20 00:00,sell,40,1.03,0.95531,0.97551,0,0,10312.55
80,2015.04.20 00:46,close,40,1.03,0.95377,0.97551,0,118.61,10431.16
81,2015.04.21 22:41,buy,41,1.05,0.94645,0.92625,0,0,10431.16
82,2015.04.21 23:40,close,41,1.05,0.94696,0.92625,0,40.05,10471.21
83,2015.04.22 22:29,buy,42,1.05,0.94954,0.92934,0,0,10471.21
84,2015.04.22 22:43,buy,43,1.45,0.94923,0.92903,0,0,10471.21
85,2015.04.23 00:20,close,42,1.05,0.94939,0.92934,0,-10.13,10461.08
86,2015.04.23 00:20,close,43,1.45,0.94938,0.92903,0,18.53,10479.61
87,2015.04.28 01:35,buy,44,1.05,0.94811,0.92791,0,0,10479.61
88,2015.04.28 01:50,close,44,1.05,0.94921,0.92791,0,86.38,10565.99
89,2015.04.29 23:55,buy,45,1.06,0.96225,0.94205,0,0,10565.99
90,2015.04.29 23:59,buy,46,1.46,0.96195,0.94175,0,0,10565.99
91,2015.04.30 02:26,close,45,1.06,0.9613,0.94205,0,-73.65,10492.34
92,2015.04.30 02:26,close,46,1.46,0.96131,0.94175,0,-67.6,10424.74
93,2015.04.30 22:07,sell,47,1.04,0.95701,0.97721,0,0,10424.74
94,2015.04.30 22:13,sell,48,1.44,0.95751,0.97771,0,0,10424.74
95,2015.04.30 22:45,close,47,1.04,0.95562,0.97721,0,108.09,10532.83
96,2015.04.30 22:45,close,48,1.44,0.95559,0.97771,0,206.74,10739.57
97,2015.05.04 22:14,buy,49,1.08,0.94888,0.92868,0,0,10739.57
98,2015.05.04 22:17,buy,50,1.48,0.94858,0.92838,0,0,10739.57
99,2015.05.05 01:25,close,49,1.08,0.94778,0.92868,0,-88.29,10651.28
100,2015.05.05 01:25,close,50,1.48,0.9478,0.92838,0,-85.56,10565.72
101,2015.05.07 22:56,buy,51,1.06,0.95779,0.93759,0,0,10565.72
102,2015.05.07 23:02,buy,52,1.46,0.95749,0.93729,0,0,10565.72
103,2015.05.07 23:35,close,51,1.06,0.9588,0.93759,0,80.07,10645.79
104,2015.05.07 23:35,close,52,1.46,0.95879,0.93729,0,141.95,10787.74
105,2015.05.11 23:35,buy,53,1.08,0.95476,0.93456,0,0,10787.74
106,2015.05.11 23:39,buy,54,1.49,0.95445,0.93425,0,0,10787.74
107,2015.05.12 00:50,close,53,1.08,0.955,0.93456,0,19.94,10807.68
108,2015.05.12 00:50,close,54,1.49,0.95503,0.93425,0,65.41,10873.09
109,2015.06.01 00:05,buy,55,1.09,0.95,0.9298,0,0,10873.09
110,2015.06.01 00:15,close,55,1.09,0.95152,0.9298,0,123.91,10997
111,2015.06.08 00:00,buy,56,1.1,0.94704,0.92684,0,0,10997
112,2015.06.08 00:10,close,56,1.1,0.94857,0.92684,0,125.88,11122.88
113,2015.06.08 00:10,buy,57,1.11,0.94873,0.92853,0,0,11122.88
114,2015.06.08 00:14,buy,58,1.53,0.94797,0.92777,0,0,11122.88
115,2015.06.08 02:16,close,57,1.11,0.94902,0.92853,0,24.07,11146.95
116,2015.06.08 02:16,close,58,1.53,0.94903,0.92777,0,121.3,11268.25
117,2015.06.09 22:25,sell,59,1.13,0.94835,0.96855,0,0,11268.25
118,2015.06.09 23:29,close,59,1.13,0.94779,0.96855,0,47.32,11315.57
119,2015.06.11 00:00,buy,60,1.13,0.94949,0.92929,0,0,11315.57
120,2015.06.11 00:03,buy,61,1.53,0.94679,0.92659,0,0,11315.57
121,2015.06.11 03:00,close,60,1.13,0.94871,0.92929,0,-65.92,11249.65
122,2015.06.11 03:00,close,61,1.53,0.94869,0.92659,0,217.41,11467.06
123,2015.06.16 23:50,buy,62,1.15,0.95229,0.93209,0,0,11467.06
124,2015.06.17 01:14,close,62,1.15,0.95277,0.93209,0,41.88,11508.94
125,2015.06.17 22:00,sell,63,1.15,0.94852,0.96872,0,0,11508.94
126,2015.06.17 22:14,sell,64,1.59,0.94903,0.96923,0,0,11508.94
127,2015.06.17 22:57,close,63,1.15,0.94695,0.96872,0,135.01,11643.95
128,2015.06.17 22:57,close,64,1.59,0.94694,0.96923,0,248.48,11892.43
129,2015.06.18 01:50,buy,65,1.19,0.94474,0.92454,0,0,11892.43
130,2015.06.18 01:57,close,65,1.19,0.94624,0.92454,0,133.5,12025.93
131,2015.06.24 23:59,buy,66,1.21,0.95383,0.93363,0,0,12025.93
132,2015.06.25 01:15,close,66,1.21,0.95417,0.93363,0,32.66,12058.59
133,2015.06.25 22:00,buy,67,1.21,0.9538,0.9336,0,0,12058.59
134,2015.06.26 00:30,close,67,1.21,0.95375,0.9336,0,-3.89,12054.7
135,2015.06.29 00:00,buy,68,1.21,0.9401,0.9199,0,0,12054.7
136,2015.06.29 00:08,buy,69,1.67,0.93979,0.91959,0,0,12054.7
137,2015.06.29 01:20,close,68,1.21,0.94129,0.9199,0,107.69,12162.39
138,2015.06.29 01:20,close,69,1.67,0.94126,0.91959,0,183.6,12345.99
139,2015.07.06 00:05,buy,70,1.24,0.94198,0.92178,0,0,12345.99
140,2015.07.06 01:00,buy,71,1.7,0.94159,0.92139,0,0,12345.99
141,2015.07.06 01:28,close,70,1.24,0.94349,0.92178,0,140.03,12486.02
142,2015.07.06 01:28,close,71,1.7,0.94347,0.92139,0,239.02,12725.04
143,2015.07.20 00:41,buy,72,1.28,0.95665,0.93645,0,0,12725.04
144,2015.07.20 01:54,close,72,1.28,0.95728,0.93645,0,60.31,12785.35
145,2015.07.21 00:00,buy,73,1.28,0.95744,0.93724,0,0,12785.35
146,2015.07.21 00:26,close,73,1.28,0.95816,0.93724,0,68.93,12854.28
147,2015.07.21 22:36,buy,74,1.29,0.96153,0.94133,0,0,12854.28
148,2015.07.21 22:45,buy,75,1.78,0.96122,0.94102,0,0,12854.28
149,2015.07.22 00:25,close,74,1.29,0.96126,0.94133,0,-25.38,12828.9
150,2015.07.22 00:25,close,75,1.78,0.96125,0.94102,0,4.92,12833.82
151,2015.07.27 23:32,buy,76,1.29,0.94784,0.92764,0,0,12833.82
152,2015.07.27 23:35,buy,77,1.77,0.94749,0.92729,0,0,12833.82
153,2015.07.28 01:15,close,76,1.29,0.9478,0.92764,0,-3.19,12830.63
154,2015.07.28 01:15,close,77,1.77,0.94782,0.92729,0,44.6,12875.23
155,2015.07.29 00:20,sell,78,1.29,0.94907,0.96927,0,0,12875.23
156,2015.07.29 00:23,sell,79,1.78,0.94957,0.96977,0,0,12875.23
157,2015.07.29 03:00,close,78,1.29,0.95005,0.96927,0,-94.53,12780.7
158,2015.07.29 03:00,close,79,1.78,0.95006,0.96977,0,-65.22,12715.48
159,2015.08.03 22:41,sell,80,1.27,0.95661,0.97681,0,0,12715.48
160,2015.08.03 22:53,sell,81,1.75,0.95711,0.97731,0,0,12715.48
161,2015.08.04 00:41,close,80,1.27,0.95746,0.97681,0,-86.32,12629.16
162,2015.08.04 00:41,close,81,1.75,0.95748,0.97731,0,-56.12,12573.04
163,2015.08.06 22:00,buy,82,1.26,0.96291,0.94271,0,0,12573.04
164,2015.08.06 22:18,close,82,1.26,0.9639,0.94271,0,93.29,12666.33
165,2015.08.10 00:00,sell,83,1.27,0.97206,0.99226,0,0,12666.33
166,2015.08.10 00:09,sell,84,1.75,0.97256,0.99276,0,0,12666.33
167,2015.08.10 02:59,close,83,1.27,0.97286,0.99226,0,-75.97,12590.36
168,2015.08.10 02:59,close,84,1.75,0.97284,0.99276,0,-36.64,12553.72
169,2015.08.10 22:00,buy,85,1.26,0.96312,0.94292,0,0,12553.72
170,2015.08.10 23:25,close,85,1.26,0.96382,0.94292,0,65.96,12619.68
171,2015.08.17 23:50,buy,86,1.26,0.96444,0.94424,0,0,12619.68
172,2015.08.17 23:59,buy,87,1.74,0.96412,0.94392,0,0,12619.68
173,2015.08.18 01:10,close,86,1.26,0.96465,0.94424,0,20.44,12640.12
174,2015.08.18 01:10,close,87,1.74,0.96464,0.94392,0,68.58,12708.7
175,2015.08.24 01:50,buy,88,1.27,0.96064,0.94044,0,0,12708.7
176,2015.08.24 01:53,buy,89,1.74,0.95907,0.93887,0,0,12708.7
177,2015.08.24 03:00,close,88,1.27,0.95867,0.94044,0,-187.11,12521.59
178,2015.08.24 03:00,close,89,1.74,0.95869,0.93887,0,-49.45,12472.14
179,2015.08.25 22:02,buy,90,1.25,0.95332,0.93312,0,0,12472.14
180,2015.08.25 22:49,buy,91,1.71,0.95173,0.93153,0,0,12472.14
181,2015.08.26 00:42,close,90,1.25,0.95214,0.93312,0,-109.67,12362.47
182,2015.08.26 00:42,close,91,1.71,0.9522,0.93153,0,60.99,12423.46
183,2015.08.26 22:11,sell,92,1.24,0.94832,0.96852,0,0,12423.46
184,2015.08.26 22:51,sell,93,1.71,0.94884,0.96904,0,0,12423.46
185,2015.08.26 23:15,close,92,1.24,0.94668,0.96852,0,152.06,12575.52
186,2015.08.26 23:15,close,93,1.71,0.94662,0.96904,0,283.86,12859.38
187,2015.08.31 23:09,buy,94,1.29,0.93588,0.91568,0,0,12859.38
188,2015.08.31 23:12,buy,95,1.77,0.93508,0.91488,0,0,12859.38
189,2015.09.01 02:00,close,94,1.29,0.93479,0.91568,0,-104.49,12754.89
190,2015.09.01 02:00,close,95,1.77,0.93482,0.91488,0,-33.5,12721.39
191,2015.09.03 01:25,sell,96,1.27,0.93511,0.95531,0,0,12721.39
192,2015.09.03 02:53,close,96,1.27,0.93458,0.95531,0,50.33,12771.72
193,2015.09.09 00:00,buy,97,1.28,0.9264,0.9062,0,0,12771.72
194,2015.09.09 01:00,close,97,1.28,0.92725,0.9062,0,81.37,12853.09
195,2015.09.09 01:55,sell,98,1.29,0.92882,0.94902,0,0,12853.09
196,2015.09.09 03:00,close,98,1.29,0.9288,0.94902,0,1.92,12855.01
197,2015.09.15 22:20,sell,99,1.29,0.94567,0.96587,0,0,12855.01
198,2015.09.15 22:26,sell,100,1.77,0.94618,0.96638,0,0,12855.01
199,2015.09.16 00:10,close,99,1.29,0.9455,0.96587,0,10.72,12865.73
200,2015.09.16 00:10,close,100,1.77,0.94554,0.96638,0,76.9,12942.63
201,2015.09.17 22:00,sell,101,1.3,0.9499,0.9701,0,0,12942.63
202,2015.09.17 22:08,close,101,1.3,0.94838,0.9701,0,147.75,13090.38
203,2015.09.23 01:30,buy,102,1.31,0.9387,0.9185,0,0,13090.38
204,2015.09.23 02:15,close,102,1.31,0.93937,0.9185,0,65.65,13156.03
205,2015.09.29 01:45,buy,103,1.32,0.93422,0.91402,0,0,13156.03
206,2015.09.29 02:10,close,103,1.32,0.93477,0.91402,0,54.29,13210.32
207,2015.09.29 22:00,buy,104,1.32,0.93723,0.91703,0,0,13210.32
208,2015.09.29 22:44,close,104,1.32,0.93813,0.91703,0,88.85,13299.17
209,2015.09.30 22:00,buy,105,1.33,0.93621,0.91601,0,0,13299.17
210,2015.09.30 22:04,buy,106,1.83,0.9356,0.9154,0,0,13299.17
211,2015.10.01 00:58,close,105,1.33,0.93542,0.91601,0,-76.5,13222.67
212,2015.10.01 00:58,close,106,1.83,0.93544,0.9154,0,-19.04,13203.63
213,2015.10.01 01:43,buy,107,1.32,0.9323,0.9121,0,0,13203.63
214,2015.10.01 02:33,close,107,1.32,0.93381,0.9121,0,149.07,13352.7
215,2015.10.06 22:40,sell,108,1.34,0.93485,0.95505,0,0,13352.7
216,2015.10.06 23:40,close,108,1.34,0.93387,0.95505,0,98.19,13450.89
217,2015.10.14 00:25,buy,109,1.35,0.94292,0.92272,0,0,13450.89
218,2015.10.14 00:28,buy,110,1.85,0.94241,0.92221,0,0,13450.89
219,2015.10.14 03:00,close,109,1.35,0.93996,0.92272,0,-298.86,13152.03
220,2015.10.14 03:00,close,110,1.85,0.93995,0.92221,0,-340.37,12811.66
221,2015.10.14 22:19,sell,111,1.28,0.94459,0.96479,0,0,12811.66
222,2015.10.15 00:36,close,111,1.28,0.94393,0.96479,0,46.25,12857.91
223,2015.10.15 22:30,buy,112,1.29,0.94119,0.92099,0,0,12857.91
224,2015.10.15 23:10,close,112,1.29,0.94199,0.92099,0,77.18,12935.09
225,2015.10.19 00:05,buy,113,1.3,0.93646,0.91626,0,0,12935.09
226,2015.10.19 00:38,close,113,1.3,0.93796,0.91626,0,145.84,13080.93
227,2015.10.22 23:55,buy,114,1.31,0.94347,0.92327,0,0,13080.93
228,2015.10.23 00:45,close,114,1.31,0.94412,0.92327,0,64.36,13145.29
229,2015.10.27 00:08,buy,115,1.32,0.95226,0.93206,0,0,13145.29
230,2015.10.27 01:05,close,115,1.32,0.95328,0.93206,0,100.7,13245.99
231,2015.10.27 23:35,buy,116,1.33,0.9529,0.9327,0,0,13245.99
232,2015.10.27 23:59,close,116,1.33,0.9543,0.9327,0,139.26,13385.25
233,2015.11.02 00:10,buy,117,1.34,0.9311,0.9109,0,0,13385.25
234,2015.11.02 00:13,buy,118,1.85,0.93057,0.91037,0,0,13385.25
235,2015.11.02 01:43,close,117,1.34,0.93241,0.9109,0,131.29,13516.54
236,2015.11.02 01:43,close,118,1.85,0.9324,0.91037,0,253.2,13769.74
237,2015.11.02 23:30,sell,119,1.38,0.93603,0.95623,0,0,13769.74
238,2015.11.03 00:32,close,119,1.38,0.93561,0.95623,0,37.26,13807
239,2015.11.03 01:47,sell,120,1.38,0.9373,0.9575,0,0,13807
240,2015.11.03 03:00,close,120,1.38,0.93797,0.9575,0,-69.13,13737.87
241,2015.11.04 23:55,buy,121,1.38,0.93993,0.91973,0,0,13737.87
242,2015.11.04 23:58,buy,122,1.9,0.93962,0.91942,0,0,13737.87
243,2015.11.05 02:30,close,121,1.38,0.93902,0.91973,0,-91.76,13646.11
244,2015.11.05 02:30,close,122,1.9,0.93904,0.91942,0,-79.45,13566.66
245,2015.11.10 23:35,sell,123,1.36,0.93309,0.95329,0,0,13566.66
246,2015.11.11 01:50,sell,124,1.86,0.9345,0.9547,0,0,13566.66
247,2015.11.11 03:00,close,123,1.36,0.93502,0.95329,0,-202.25,13364.41
248,2015.11.11 03:00,close,124,1.86,0.93503,0.9547,0,-73.71,13290.7
249,2015.11.16 01:20,buy,125,1.33,0.94584,0.92564,0,0,13290.7
250,2015.11.16 02:10,close,125,1.33,0.94701,0.92564,0,116.38,13407.08
251,2015.11.18 00:03,buy,126,1.34,0.94654,0.92634,0,0,13407.08
252,2015.11.18 01:11,close,126,1.34,0.94708,0.92634,0,54.12,13461.2
253,2015.11.24 23:05,sell,127,1.35,0.96422,0.98442,0,0,13461.2
254,2015.11.24 23:13,sell,128,1.86,0.96472,0.98492,0,0,13461.2
255,2015.11.25 01:30,close,127,1.35,0.96544,0.98442,0,-129.1,13332.1
256,2015.11.25 01:30,close,128,1.86,0.96543,0.98492,0,-106.94,13225.16
257,2015.11.30 01:30,buy,129,1.33,0.96024,0.94004,0,0,13225.16
258,2015.11.30 01:33,buy,130,1.83,0.95992,0.93972,0,0,13225.16
259,2015.11.30 03:00,close,129,1.33,0.96015,0.94004,0,-8.96,13216.2
260,2015.11.30 03:00,close,130,1.83,0.96014,0.93972,0,30.11,13246.31
261,2015.12.01 00:35,buy,131,1.33,0.9641,0.9439,0,0,13246.31
262,2015.12.01 01:35,close,131,1.33,0.96479,0.9439,0,68.63,13314.94
263,2015.12.01 22:00,sell,132,1.33,0.98088,1.00108,0,0,13314.94
264,2015.12.01 22:33,close,132,1.33,0.97983,1.00108,0,104.43,13419.37
265,2015.12.02 00:00,buy,133,1.34,0.97798,0.95778,0,0,13419.37
266,2015.12.02 00:06,buy,134,1.85,0.97766,0.95746,0,0,13419.37
267,2015.12.02 01:20,close,133,1.34,0.97871,0.95778,0,73.16,13492.53
268,2015.12.02 01:20,close,134,1.85,0.9787,0.95746,0,143.9,13636.43
269,2015.12.09 00:10,sell,135,1.37,0.9804,1.0006,0,0,13636.43
270,2015.12.09 00:13,sell,136,1.88,0.9809,1.0011,0,0,13636.43
271,2015.12.09 01:37,close,135,1.37,0.98022,1.0006,0,18.44,13654.87
272,2015.12.09 01:37,close,136,1.88,0.98018,1.0011,0,101.21,13756.08
273,2015.12.09 22:15,sell,137,1.38,0.98205,1.00225,0,0,13756.08
274,2015.12.09 22:55,close,137,1.38,0.9808,1.00225,0,128.98,13885.06
275,2015.12.14 00:20,buy,138,1.39,0.98599,0.96579,0,0,13885.06
276,2015.12.14 00:44,close,138,1.39,0.98755,0.96579,0,162.17,14047.23
277,2015.12.14 01:20,buy,139,1.41,0.98445,0.96425,0,0,14047.23
278,2015.12.14 02:45,close,139,1.41,0.98529,0.96425,0,88.58,14135.81
279,2015.12.15 22:31,sell,140,1.42,0.9888,1.009,0,0,14135.81
280,2015.12.15 23:45,close,140,1.42,0.9881,1.009,0,74.32,14210.13
281,2015.12.17 01:05,buy,141,1.42,0.99288,0.97268,0,0,14210.13
282,2015.12.17 02:11,close,141,1.42,0.99398,0.97268,0,116.82,14326.95
283,2015.12.21 00:10,buy,142,1.44,0.99867,0.97847,0,0,14326.95
284,2015.12.21 01:05,close,142,1.44,1.00003,0.97847,0,146.47,14473.42
285,2015.12.23 22:00,sell,143,1.45,1.00325,1.02345,0,0,14473.42
286,2015.12.23 22:06,sell,144,2,1.00375,1.02395,0,0,14473.42
287,2015.12.23 23:37,close,143,1.45,1.00289,1.02345,0,39.03,14512.45
288,2015.12.23 23:37,close,144,2,1.0029,1.02395,0,127.12,14639.57
289,2015.12.24 00:05,buy,145,1.47,1.00114,0.98094,0,0,14639.57
290,2015.12.24 01:10,close,145,1.47,1.00192,0.98094,0,85.75,14725.32
291,2015.12.30 22:00,sell,146,1.48,1.01277,1.03297,0,0,14725.32
292,2015.12.30 23:01,close,146,1.48,1.01187,1.03297,0,99.6,14824.92
293,2015.12.31 00:06,buy,147,1.48,1.00993,0.98973,0,0,14824.92
294,2015.12.31 00:30,buy,148,2.05,1.0096,0.9894,0,0,14824.92
295,2015.12.31 02:03,close,147,1.48,1.01038,0.98973,0,49.81,14874.73
296,2015.12.31 02:03,close,148,2.05,1.01041,0.9894,0,124.19,14998.92
297,2016.01.04 01:00,sell,149,1.5,1.01155,1.03175,0,0,14998.92
298,2016.01.04 01:17,close,149,1.5,1.01003,1.03175,0,170.49,15169.41
299,2016.01.05 00:30,buy,150,1.52,1.00027,0.98007,0,0,15169.41
300,2016.01.05 02:00,close,150,1.52,1.00123,0.98007,0,109.13,15278.54
301,2016.01.05 22:30,sell,151,1.53,1.00208,1.02228,0,0,15278.54
302,2016.01.05 23:35,close,151,1.53,1.0009,1.02228,0,134.99,15413.53
303,2016.01.07 23:50,sell,152,1.54,0.98853,1.00873,0,0,15413.53
304,2016.01.07 23:55,sell,153,2.13,0.98903,1.00923,0,0,15413.53
305,2016.01.08 01:50,close,152,1.54,0.98923,1.00873,0,-87.39,15326.14
306,2016.01.08 01:50,close,153,2.13,0.98925,1.00923,0,-44.42,15281.72
307,2016.01.18 00:08,sell,154,1.53,0.99915,1.01935,0,0,15281.72
308,2016.01.18 00:11,sell,155,2.11,0.99969,1.01989,0,0,15281.72
309,2016.01.18 02:41,close,154,1.53,0.99906,1.01935,0,10.3,15292.02
310,2016.01.18 02:41,close,155,2.11,0.99905,1.01989,0,100.97,15392.99
311,2016.01.19 23:00,sell,156,1.54,1.00755,1.02775,0,0,15392.99
312,2016.01.19 23:45,close,156,1.54,1.00651,1.02775,0,119.76,15512.75
313,2016.01.21 22:48,sell,157,1.55,1.00075,1.02095,0,0,15512.75
314,2016.01.21 22:55,sell,158,2.14,1.00125,1.02145,0,0,15512.75
315,2016.01.21 23:43,close,157,1.55,0.99933,1.02095,0,164.58,15677.33
316,2016.01.21 23:43,close,158,2.14,0.99931,1.02145,0,310.43,15987.76
317,2016.01.26 23:55,sell,159,1.6,0.98936,1.00956,0,0,15987.76
318,2016.01.27 00:05,close,159,1.6,0.98777,1.00956,0,183.17,16170.93
319,2016.01.28 01:40,buy,160,1.62,0.98828,0.96808,0,0,16170.93
320,2016.01.28 02:22,close,160,1.62,0.98949,0.96808,0,146.6,16317.53
321,2016.02.01 00:00,buy,161,1.63,0.98897,0.96877,0,0,16317.53
322,2016.02.01 00:50,buy,162,2.25,0.9885,0.9683,0,0,16317.53
323,2016.02.01 03:00,close,161,1.63,0.98755,0.96877,0,-173.11,16144.42
324,2016.02.01 03:00,close,162,2.25,0.98756,0.9683,0,-158.18,15986.24
325,2016.02.03 00:45,buy,163,1.6,0.98679,0.96659,0,0,15986.24
326,2016.02.03 00:59,buy,164,2.21,0.98649,0.96629,0,0,15986.24
327,2016.02.03 01:16,close,163,1.6,0.9887,0.96659,0,228.56,16214.8
328,2016.02.03 01:16,close,164,2.21,0.98869,0.96629,0,363.63,16578.43
329,2016.02.16 22:47,sell,165,1.66,0.98639,1.00659,0,0,16578.43
330,2016.02.17 00:00,close,165,1.66,0.98563,1.00659,0,87.02,16665.45
331,2016.02.17 22:26,sell,166,1.67,0.98489,1.00509,0,0,16665.45
332,2016.02.17 22:32,sell,167,2.3,0.9854,1.0056,0,0,16665.45
333,2016.02.17 23:05,close,166,1.67,0.98371,1.00509,0,147.35,16812.8
334,2016.02.17 23:06,close,167,2.3,0.98369,1.0056,0,294.08,17106.88
335,2016.02.18 22:00,sell,168,1.71,0.98343,1.00363,0,0,17106.88
336,2016.02.18 22:53,close,168,1.71,0.98206,1.00363,0,175.18,17282.06
337,2016.02.24 00:54,buy,169,1.73,0.99127,0.97107,0,0,17282.06
338,2016.02.24 00:57,buy,170,2.38,0.99076,0.97056,0,0,17282.06
339,2016.02.24 01:40,close,169,1.73,0.99238,0.97107,0,143.62,17425.68
340,2016.02.24 01:40,close,170,2.38,0.99239,0.97056,0,290.14,17715.82
341,2016.02.29 01:35,sell,171,1.77,0.9649,0.9851,0,0,17715.82
342,2016.02.29 01:50,sell,172,2.44,0.96543,0.98563,0,0,17715.82
343,2016.02.29 02:10,close,171,1.77,0.96375,0.9851,0,152.2,17868.02
344,2016.02.29 02:10,close,172,2.44,0.96373,0.98563,0,310.16,18178.18
345,2016.02.29 22:00,buy,173,1.82,0.96421,0.94401,0,0,18178.18
346,2016.02.29 22:57,close,173,1.82,0.96557,0.94401,0,185.12,18363.3
347,2016.02.29 23:30,sell,174,1.84,0.96672,0.98692,0,0,18363.3
348,2016.03.01 00:55,close,174,1.84,0.9662,0.98692,0,63.44,18426.74
349,2016.03.01 23:30,sell,175,1.85,0.96335,0.98355,0,0,18426.74
350,2016.03.01 23:54,close,175,1.85,0.96237,0.98355,0,135.56,18562.3
351,2016.03.09 22:25,buy,176,1.86,0.99242,0.97222,0,0,18562.3
352,2016.03.09 22:28,buy,177,2.55,0.9915,0.9713,0,0,18562.3
353,2016.03.10 02:36,close,176,1.86,0.98997,0.97222,0,-337.9,18224.4
354,2016.03.10 02:36,close,177,2.55,0.98996,0.9713,0,-289.72,17934.68
355,2016.03.15 22:00,buy,178,1.8,0.99464,0.97444,0,0,17934.68
356,2016.03.15 22:40,close,178,1.8,0.99574,0.97444,0,148.08,18082.76
357,2016.03.17 00:00,buy,179,1.81,0.98875,0.96855,0,0,18082.76
358,2016.03.17 00:13,close,179,1.81,0.99025,0.96855,0,203.06,18285.82
359,2016.04.07 22:10,buy,180,1.83,0.98614,0.96594,0,0,18285.82
360,2016.04.07 22:16,buy,181,2.53,0.98584,0.96564,0,0,18285.82
361,2016.04.07 23:26,close,180,1.83,0.98679,0.96594,0,88.97,18374.79
362,2016.04.07 23:26,close,181,2.53,0.98678,0.96564,0,177.86,18552.65
363,2016.05.22 23:35,buy,182,1.86,0.94659,0.92639,0,0,18552.65
364,2016.05.23 00:00,buy,183,2.56,0.946,0.9258,0,0,18552.65
365,2016.05.23 03:00,close,182,1.86,0.94793,0.92639,0,187.38,18740.03
366,2016.05.23 03:00,close,183,2.56,0.94792,0.9258,0,367.6,19107.63
367,2016.05.23 22:05,sell,184,1.91,0.94855,0.96875,0,0,19107.63
368,2016.05.23 22:34,sell,185,2.63,0.94906,0.96926,0,0,19107.63
369,2016.05.24 00:46,close,184,1.91,0.94902,0.96875,0,-75.55,19032.08
370,2016.05.24 00:47,close,185,2.63,0.949,0.96926,0,0.21,19032.29
371,2016.05.25 22:00,buy,186,1.91,0.93809,0.91789,0,0,19032.29
372,2016.05.25 23:20,buy,187,2.62,0.93734,0.91714,0,0,19032.29
373,2016.05.26 03:00,close,186,1.91,0.93644,0.91789,0,-232.72,18799.57
374,2016.05.26 03:00,close,187,2.62,0.93645,0.91714,0,-170.3,18629.27
375,2016.05.31 00:00,buy,188,1.87,0.93683,0.91663,0,0,18629.27
376,2016.05.31 00:41,close,188,1.87,0.93727,0.91663,0,61.53,18690.8
377,2016.06.06 22:50,buy,189,1.87,0.94405,0.92385,0,0,18690.8
378,2016.06.06 23:01,buy,190,2.58,0.94375,0.92355,0,0,18690.8
379,2016.06.06 23:20,close,189,1.87,0.94498,0.92385,0,130.06,18820.86
380,2016.06.06 23:20,close,190,2.58,0.94496,0.92355,0,233.48,19054.34
381,2016.06.07 23:55,buy,191,1.91,0.95064,0.93044,0,0,19054.34
382,2016.06.07 23:58,buy,192,2.63,0.9502,0.93,0,0,19054.34
383,2016.06.08 03:00,close,191,1.91,0.94955,0.93044,0,-154.71,18899.63
384,2016.06.08 03:00,close,192,2.63,0.94956,0.93,0,-124.52,18775.11
385,2016.06.08 23:11,buy,193,1.88,0.94847,0.92827,0,0,18775.11
386,2016.06.09 00:00,buy,194,2.58,0.94775,0.92755,0,0,18775.11
387,2016.06.09 00:02,close,193,1.88,0.95162,0.92827,0,445.84,19220.95
388,2016.06.09 00:02,close,194,2.58,0.95155,0.92755,0,733.23,19954.18
389,2016.06.13 23:53,sell,195,2,0.94668,0.96688,0,0,19954.18
390,2016.06.13 23:57,sell,196,2.74,0.94749,0.96769,0,0,19954.18
391,2016.06.14 01:21,close,195,2,0.9466,0.96688,0,3.16,19957.34
392,2016.06.14 01:21,close,196,2.74,0.94659,0.96769,0,172.32,20129.66
393,2016.06.20 00:05,sell,197,2.02,0.95435,0.97455,0,0,20129.66
394,2016.06.20 00:08,sell,198,2.78,0.95485,0.97505,0,0,20129.66
395,2016.06.20 01:05,close,197,2.02,0.95323,0.97455,0,169.17,20298.83
396,2016.06.20 01:05,close,198,2.78,0.95328,0.97505,0,326.36,20625.19
397,2016.06.20 22:00,buy,199,2.07,0.95417,0.93397,0,0,20625.19
398,2016.06.20 22:07,buy,200,2.85,0.95387,0.93367,0,0,20625.19
399,2016.06.20 22:55,close,199,2.07,0.95455,0.93397,0,58.82,20684.01
400,2016.06.20 22:55,close,200,2.85,0.95456,0.93367,0,147.07,20831.08
401,2016.06.27 00:15,buy,201,2.09,0.96757,0.94737,0,0,20831.08
402,2016.06.27 01:19,close,201,2.09,0.96907,0.94737,0,234.46,21065.54
403,2016.06.27 22:25,buy,202,2.11,0.95954,0.93934,0,0,21065.54
404,2016.06.27 22:45,close,202,2.11,0.96087,0.93934,0,209.88,21275.42
405,2016.06.27 23:30,buy,203,2.13,0.95824,0.93804,0,0,21275.42
406,2016.06.28 00:25,close,203,2.13,0.95943,0.93804,0,190.68,21466.1
407,2016.07.04 00:11,buy,204,2.15,0.96237,0.94217,0,0,21466.1
408,2016.07.04 01:04,close,204,2.15,0.96388,0.94217,0,242.8,21708.9
409,2016.07.05 00:05,buy,205,2.17,0.96742,0.94722,0,0,21708.9
410,2016.07.05 01:13,close,205,2.17,0.96819,0.94722,0,124.97,21833.87
411,2016.07.05 22:00,sell,206,2.19,0.96864,0.98884,0,0,21833.87
412,2016.07.05 22:31,sell,207,3.01,0.96914,0.98934,0,0,21833.87
413,2016.07.06 00:00,close,206,2.19,0.96824,0.98884,0,55.85,21889.72
414,2016.07.06 00:00,close,207,3.01,0.9683,0.98934,0,175.8,22065.52
415,2016.07.07 23:41,buy,208,2.21,0.97121,0.95101,0,0,22065.52
416,2016.07.08 00:36,close,208,2.21,0.97217,0.95101,0,159.82,22225.34
417,2016.07.17 23:20,buy,209,2.23,0.97972,0.95952,0,0,22225.34
418,2016.07.17 23:40,close,209,2.23,0.98189,0.95952,0,361.91,22587.25
419,2016.07.18 22:00,buy,210,2.26,0.98304,0.96284,0,0,22587.25
420,2016.07.19 00:10,buy,211,3.09,0.98157,0.96137,0,0,22587.25
421,2016.07.19 03:00,close,210,2.26,0.98157,0.96284,0,-247.28,22339.97
422,2016.07.19 03:00,close,211,3.09,0.98155,0.96137,0,-4.63,22335.34
423,2016.07.20 01:55,sell,212,2.24,0.97842,0.99862,0,0,22335.34
424,2016.07.20 02:55,close,212,2.24,0.97815,0.99862,0,45.22,22380.56
425,2016.07.21 00:05,buy,213,2.24,0.9745,0.9543,0,0,22380.56
426,2016.07.21 00:08,buy,214,3.09,0.97413,0.95393,0,0,22380.56
427,2016.07.21 00:25,close,213,2.24,0.97628,0.9543,0,298.2,22678.76
428,2016.07.21 00:25,close,214,3.09,0.97633,0.95393,0,508.42,23187.18
429,2016.07.21 22:00,sell,215,2.32,0.98009,1.00029,0,0,23187.18
430,2016.07.21 22:13,sell,216,3.2,0.9806,1.0008,0,0,23187.18
431,2016.07.21 23:29,close,215,2.32,0.98022,1.00029,0,-22.55,23164.63
432,2016.07.21 23:29,close,216,3.2,0.98019,1.0008,0,98.11,23262.74
433,2016.07.24 23:55,buy,217,2.33,0.97916,0.95896,0,0,23262.74
434,2016.07.25 00:00,buy,218,3.21,0.97885,0.95865,0,0,23262.74
435,2016.07.25 01:00,close,217,2.33,0.98045,0.95896,0,226,23488.74
436,2016.07.25 01:00,close,218,3.21,0.98047,0.95865,0,388.92,23877.66
437,2016.07.26 22:00,buy,219,2.39,0.99036,0.97016,0,0,23877.66
438,2016.07.26 22:09,buy,220,3.29,0.98996,0.96976,0,0,23877.66
439,2016.07.27 00:35,close,219,2.39,0.98972,0.97016,0,-113.16,23764.5
440,2016.07.27 00:35,close,220,3.29,0.9897,0.96976,0,-62.27,23702.23
441,2016.08.01 00:14,buy,221,2.37,0.98912,0.96892,0,0,23702.23
442,2016.08.01 00:43,close,221,2.37,0.99063,0.96892,0,267.65,23969.88
443,2016.08.01 22:30,buy,222,2.4,0.98973,0.96953,0,0,23969.88
444,2016.08.01 22:42,buy,223,3.31,0.98943,0.96923,0,0,23969.88
445,2016.08.02 00:57,close,222,2.4,0.98883,0.96953,0,-160.3,23809.58
446,2016.08.02 00:57,close,223,3.31,0.98881,0.96923,0,-151.76,23657.82
447,2016.08.09 00:00,buy,224,2.37,1.00598,0.98578,0,0,23657.82
448,2016.08.09 00:25,close,224,2.37,1.00677,0.98578,0,140.02,23797.84
449,2016.08.11 00:00,buy,225,2.38,1.00453,0.98433,0,0,23797.84
450,2016.08.11 00:00,close,225,2.38,1.00619,0.98433,0,295.48,24093.32
451,2016.08.11 00:04,buy,226,2.41,1.00498,0.98478,0,0,24093.32
452,2016.08.11 00:04,close,226,2.41,1.00655,0.98478,0,282.98,24376.3
453,2016.08.15 01:50,sell,227,2.44,0.99278,1.01298,0,0,24376.3
454,2016.08.15 02:36,close,227,2.44,0.9919,1.01298,0,160.56,24536.86
455,2016.08.16 01:35,sell,228,2.46,0.99244,1.01264,0,0,24536.86
456,2016.08.16 02:20,close,228,2.46,0.99205,1.01264,0,71.74,24608.6
457,2016.08.22 01:50,sell,229,2.46,0.9814,1.0016,0,0,24608.6
458,2016.08.22 02:46,close,229,2.46,0.98084,1.0016,0,103.01,24711.61
459,2016.08.29 23:45,buy,230,2.47,0.98524,0.96504,0,0,24711.61
460,2016.08.29 23:56,buy,231,3.41,0.98494,0.96474,0,0,24711.61
461,2016.08.30 00:32,close,230,2.47,0.9856,0.96504,0,67.79,24779.4
462,2016.08.30 00:32,close,231,3.41,0.98559,0.96474,0,167.55,24946.95
463,2016.09.06 00:00,buy,232,2.5,0.97975,0.95955,0,0,24946.95
464,2016.09.06 00:31,close,232,2.5,0.98015,0.95955,0,74.78,25021.73
465,2016.09.06 01:20,sell,233,2.5,0.98068,1.00088,0,0,25021.73
466,2016.09.06 03:00,close,233,2.5,0.98165,1.00088,0,-181.33,24840.4
467,2016.09.06 22:35,sell,234,2.49,0.98651,1.00671,0,0,24840.4
468,2016.09.06 22:58,sell,235,3.42,0.98701,1.00721,0,0,24840.4
469,2016.09.07 01:11,close,234,2.49,0.98673,1.00671,0,-51.93,24788.47
470,2016.09.07 01:11,close,235,3.42,0.98676,1.00721,0,48.86,24837.33
471,2016.09.15 22:00,sell,236,2.49,0.98862,1.00882,0,0,24837.33
472,2016.09.15 22:05,sell,237,3.42,0.98913,1.00933,0,0,24837.33
473,2016.09.15 23:50,close,236,2.49,0.98808,1.00882,0,100.54,24937.87
474,2016.09.15 23:50,close,237,3.42,0.98809,1.00933,0,265.95,25203.82
475,2016.09.26 00:05,buy,238,2.52,1.00181,0.98161,0,0,25203.82
476,2016.09.26 00:43,close,238,2.52,1.00289,0.98161,0,203.54,25407.36
477,2016.09.26 22:00,sell,239,2.54,1.01029,1.03049,0,0,25407.36
478,2016.09.26 23:30,close,239,2.54,1.01008,1.03049,0,39.88,25447.24
479,2016.09.28 00:00,buy,240,2.55,1.01144,0.99124,0,0,25447.24
480,2016.09.28 01:18,close,240,2.55,1.01212,0.99124,0,129.68,25576.92
481,2016.09.28 22:00,buy,241,2.56,1.00639,0.98619,0,0,25576.92
482,2016.09.28 22:34,close,241,2.56,1.00789,0.98619,0,287.19,25864.11
483,2016.09.29 01:31,buy,242,2.59,1.00536,0.98516,0,0,25864.11
484,2016.09.29 01:35,buy,243,3.57,1.00505,0.98485,0,0,25864.11
485,2016.09.29 03:00,close,242,2.59,1.00506,0.98516,0,-58.11,25806
486,2016.09.29 03:00,close,243,3.57,1.00505,0.98485,0,0,25806
487,2016.10.03 00:05,buy,244,2.58,1.0029,0.9827,0,0,25806
488,2016.10.03 00:12,close,244,2.58,1.00455,0.9827,0,318.38,26124.38
489,2016.10.04 01:08,sell,245,2.61,1.00812,1.02832,0,0,26124.38
490,2016.10.04 03:00,close,245,2.61,1.00798,1.02832,0,27.32,26151.7
491,2016.10.05 00:50,buy,246,2.62,1.004,0.9838,0,0,26151.7
492,2016.10.05 01:35,close,246,2.62,1.00443,0.9838,0,84.26,26235.96
493,2016.10.18 00:45,sell,247,2.63,1.00304,1.02324,0,0,26235.96
494,2016.10.18 00:46,close,247,2.63,1.00153,1.02324,0,296.95,26532.91
495,2016.10.24 23:14,buy,248,2.66,1.01573,0.99553,0,0,26532.91
496,2016.10.24 23:18,buy,249,3.66,1.01542,0.99522,0,0,26532.91
497,2016.10.25 00:50,close,248,2.66,1.01466,0.99553,0,-211.48,26321.43
498,2016.10.25 00:50,close,249,3.66,1.01463,0.99522,0,-214.34,26107.09
499,2016.10.25 22:07,sell,250,2.61,1.02082,1.04102,0,0,26107.09
500,2016.10.25 23:05,close,250,2.61,1.02038,1.04102,0,85.87,26192.96
501,2016.11.07 00:05,buy,251,2.62,1.02444,1.00424,0,0,26192.96
502,2016.11.07 00:08,close,251,2.62,1.02599,1.00424,0,303.72,26496.68
503,2016.11.07 00:10,buy,252,2.65,1.02562,1.00542,0,0,26496.68
504,2016.11.07 00:14,buy,253,3.66,1.02529,1.00509,0,0,26496.68
505,2016.11.07 02:00,close,252,2.65,1.02582,1.00542,0,39.64,26536.32
506,2016.11.07 02:00,close,253,3.66,1.02584,1.00509,0,150.55,26686.87
507,2016.11.07 23:20,sell,254,2.67,1.03252,1.05272,0,0,26686.87
508,2016.11.07 23:29,sell,255,3.68,1.03304,1.05324,0,0,26686.87
509,2016.11.08 00:26,close,254,2.67,1.03195,1.05272,0,102.04,26788.91
510,2016.11.08 00:26,close,255,3.68,1.03197,1.05324,0,278.22,27067.13
511,2016.11.08 22:35,sell,256,2.71,1.03316,1.05336,0,0,27067.13
512,2016.11.08 22:52,sell,257,3.73,1.03367,1.05387,0,0,27067.13
513,2016.11.08 23:36,close,256,2.71,1.03265,1.05336,0,103.34,27170.47
514,2016.11.08 23:36,close,257,3.73,1.03263,1.05387,0,290.07,27460.54
515,2016.11.09 00:00,buy,258,2.75,1.03073,1.01053,0,0,27460.54
516,2016.11.09 00:07,buy,259,3.79,1.03043,1.01023,0,0,27460.54
517,2016.11.09 02:31,close,258,2.75,1.03054,1.01053,0,-39.08,27421.46
518,2016.11.09 02:31,close,259,3.79,1.03056,1.01023,0,36.85,27458.31
519,2016.11.14 00:00,buy,260,2.75,1.01712,0.99692,0,0,27458.31
520,2016.11.14 00:01,close,260,2.75,1.01891,0.99692,0,368.15,27826.46
521,2016.11.14 00:02,buy,261,2.79,1.01792,0.99772,0,0,27826.46
522,2016.11.14 00:04,close,261,2.79,1.01946,0.99772,0,321.34,28147.8
523,2016.11.16 23:58,sell,262,2.82,1.00601,1.02621,0,0,28147.8
524,2016.11.17 00:45,sell,263,3.87,1.0066,1.0268,0,0,28147.8
525,2016.11.17 01:16,close,262,2.82,1.00541,1.02621,0,89.24,28237.04
526,2016.11.17 01:16,close,263,3.87,1.00538,1.0268,0,353.04,28590.08
527,2016.11.17 23:35,sell,264,2.86,1.00283,1.02303,0,0,28590.08
528,2016.11.17 23:59,close,264,2.86,1.00132,1.02303,0,322.91,28912.99
529,2016.11.21 00:00,buy,265,2.89,0.98899,0.96879,0,0,28912.99
530,2016.11.21 02:00,close,265,2.89,0.98943,0.96879,0,95.1,29008.09
531,2016.11.24 00:06,buy,266,2.9,0.99486,0.97466,0,0,29008.09
532,2016.11.24 00:32,close,266,2.9,0.99623,0.97466,0,297.13,29305.22
533,2016.11.28 00:01,buy,267,2.93,1.00285,0.98265,0,0,29305.22
534,2016.11.28 00:01,close,267,2.93,1.0047,0.98265,0,405.4,29710.62
535,2016.11.29 22:40,sell,268,2.97,1.00504,1.02524,0,0,29710.62
536,2016.11.29 23:14,sell,269,4.1,1.00554,1.02574,0,0,29710.62
537,2016.11.29 23:59,close,268,2.97,1.00463,1.02524,0,91.05,29801.67
538,2016.11.29 23:59,close,269,4.1,1.00458,1.02574,0,294.31,30095.98
539,2016.12.06 22:00,sell,270,3.01,0.99104,1.01124,0,0,30095.98
540,2016.12.06 23:25,close,270,3.01,0.99076,1.01124,0,63.02,30159
541,2016.12.07 01:41,sell,271,3.02,0.99151,1.01171,0,0,30159
542,2016.12.07 01:58,sell,272,4.16,0.99202,1.01222,0,0,30159
543,2016.12.07 02:29,close,271,3.02,0.99092,1.01171,0,133.23,30292.23
544,2016.12.07 02:29,close,272,4.16,0.99088,1.01222,0,354.61,30646.84
545,2016.12.12 00:20,buy,273,3.07,0.97817,0.95797,0,0,30646.84
546,2016.12.12 00:25,buy,274,4.22,0.97765,0.95745,0,0,30646.84
547,2016.12.12 03:00,close,273,3.07,0.97765,0.95797,0,-119.4,30527.44
548,2016.12.12 03:00,close,274,4.22,0.97764,0.95745,0,-3.16,30524.28
549,2016.12.15 23:33,buy,275,3.05,0.98121,0.96101,0,0,30524.28
550,2016.12.16 00:47,close,275,3.05,0.98147,0.96101,0,60.9,30585.18
551,2016.12.19 00:23,buy,276,3.06,0.97059,0.95039,0,0,30585.18
552,2016.12.19 00:28,buy,277,4.22,0.97025,0.95005,0,0,30585.18
553,2016.12.19 01:33,close,276,3.06,0.97204,0.95039,0,331.84,30917.02
554,2016.12.19 01:33,close,277,4.22,0.97203,0.95005,0,561.78,31478.8
555,2016.12.20 00:00,buy,278,3.15,0.97069,0.95049,0,0,31478.8
556,2016.12.20 01:06,close,278,3.15,0.97147,0.95049,0,183.76,31662.56
557,2016.12.21 23:35,buy,279,3.17,0.97042,0.95022,0,0,31662.56
558,2016.12.22 00:00,buy,280,4.31,0.96839,0.94819,0,0,31662.56
559,2016.12.22 00:10,close,279,3.17,0.97125,0.95022,0,201.72,31864.28
560,2016.12.22 00:10,close,280,4.31,0.97119,0.94819,0,902.55,32766.83
561,2016.12.22 22:47,sell,281,3.28,0.97332,0.99352,0,0,32766.83
562,2016.12.22 23:35,close,281,3.28,0.97271,0.99352,0,149.6,32916.43
563,2016.12.27 23:48,sell,282,3.29,0.97546,0.99566,0,0,32916.43
564,2016.12.27 23:59,close,282,3.29,0.97424,0.99566,0,300.13,33216.56
565,2016.12.29 23:41,sell,283,3.32,0.97447,0.99467,0,0,33216.56
566,2016.12.30 03:00,close,283,3.32,0.97544,0.99467,0,-255.43,32961.13
567,2017.01.04 00:00,buy,284,3.3,0.96882,0.94862,0,0,32961.13
568,2017.01.04 01:03,close,284,3.3,0.96938,0.94862,0,138.21,33099.34
569,2017.01.04 23:00,sell,285,3.31,0.96895,0.98915,0,0,33099.34
570,2017.01.05 00:00,close,285,3.31,0.96798,0.98915,0,196.33,33295.67
571,2017.01.05 22:36,sell,286,3.33,0.97192,0.99212,0,0,33295.67
572,2017.01.05 23:40,close,286,3.33,0.97153,0.99212,0,97.11,33392.78
573,2017.01.10 00:00,buy,287,3.34,0.97154,0.95134,0,0,33392.78
574,2017.01.10 00:15,close,287,3.34,0.97271,0.95134,0,292.26,33685.04
575,2017.01.10 23:15,sell,288,3.37,0.97495,0.99515,0,0,33685.04
576,2017.01.10 23:45,sell,289,4.64,0.97547,0.99567,0,0,33685.04
577,2017.01.11 00:00,close,288,3.37,0.97443,0.99515,0,116.18,33801.22
578,2017.01.11 00:00,close,289,4.64,0.97445,0.99567,0,333.45,34134.67
579,2017.01.12 22:00,buy,290,3.42,0.98331,0.96311,0,0,34134.67
580,2017.01.12 23:12,close,290,3.42,0.98396,0.96311,0,166.26,34300.93
581,2017.01.25 23:25,sell,291,3.43,0.98954,1.00974,0,0,34300.93
582,2017.01.25 23:40,sell,292,4.73,0.99007,1.01027,0,0,34300.93
583,2017.01.26 00:01,close,291,3.43,0.98778,1.00974,0,406.05,34706.98
584,2017.01.26 00:01,close,292,4.73,0.98792,1.01027,0,697.89,35404.87
585,2017.01.31 23:00,buy,293,3.54,0.98637,0.96617,0,0,35404.87
586,2017.01.31 23:10,close,293,3.54,0.98734,0.96617,0,256.81,35661.68
587,2017.02.07 01:10,buy,294,3.57,1.00079,0.98059,0,0,35661.68
588,2017.02.07 03:00,close,294,3.57,1.00026,0.98059,0,-141.51,35520.17
589,2017.02.08 22:00,buy,295,3.55,1.00408,0.98388,0,0,35520.17
590,2017.02.08 23:04,close,295,3.55,1.00453,0.98388,0,119.47,35639.64
591,2017.02.13 01:45,sell,296,3.57,1.00611,1.02631,0,0,35639.64
592,2017.02.13 02:16,close,296,3.57,1.00502,1.02631,0,290.97,35930.61
593,2017.02.13 23:59,buy,297,3.6,0.99827,0.97807,0,0,35930.61
594,2017.02.14 01:10,close,297,3.6,0.99875,0.97807,0,131.11,36061.72
595,2017.02.15 00:21,sell,298,3.61,1.00283,1.02303,0,0,36061.72
596,2017.02.15 00:24,sell,299,4.96,1.00348,1.02368,0,0,36061.72
597,2017.02.15 02:44,close,298,3.61,1.00252,1.02303,0,83.68,36145.4
598,2017.02.15 02:44,close,299,4.96,1.0025,1.02368,0,363.46,36508.86
599,2017.02.15 22:40,sell,300,3.65,1.00869,1.02889,0,0,36508.86
600,2017.02.15 23:45,close,300,3.65,1.00833,1.02889,0,98.25,36607.11