#	時間	取引種別	注文番号	数量	価格	決済逆指値(S/L)	決済指値(T/P)	損益	残高
1	2015.01.05 00:25	sell	1	1.00	0.95730	0.97750	0.00000	
2	2015.01.05 00:28	close	1	1.00	0.95580	0.97750	0.00000	112.16	10112.16
3	2015.01.05 22:02	buy	2	1.01	0.95123	0.93103	0.00000	
4	2015.01.05 22:15	buy	3	1.40	0.95093	0.93073	0.00000	
5	2015.01.05 23:46	close	2	1.01	0.95119	0.93103	0.00000	-3.03	10109.13
6	2015.01.05 23:46	close	3	1.40	0.95120	0.93073	0.00000	28.27	10137.40
7	2015.01.06 22:26	buy	4	1.02	0.95651	0.93631	0.00000	
8	2015.01.07 01:19	close	4	1.02	0.95660	0.93631	0.00000	7.39	10144.79
9	2015.01.12 00:00	sell	5	1.02	0.97319	0.99339	0.00000	
10	2015.01.12 00:09	sell	6	1.40	0.97369	0.99389	0.00000	
11	2015.01.12 02:15	close	5	1.02	0.97348	0.99339	0.00000	-22.12	10122.67
12	2015.01.12 02:15	close	6	1.40	0.97350	0.99389	0.00000	19.89	10142.56
13	2015.01.20 22:45	sell	7	1.02	0.98970	1.00990	0.00000	
14	2015.01.20 23:37	sell	8	1.40	0.99037	1.01057	0.00000	
15	2015.01.20 23:50	close	7	1.02	0.98907	1.00990	0.00000	48.05	10190.61
16	2015.01.20 23:50	close	8	1.40	0.98909	1.01057	0.00000	133.99	10324.60
17	2015.01.21 22:32	buy	9	1.03	0.99769	0.97749	0.00000	
18	2015.01.21 23:12	close	9	1.03	0.99918	0.97749	0.00000	114.78	10439.38
19	2015.01.22 22:00	buy	10	1.05	0.99673	0.97653	0.00000	
20	2015.01.22 22:03	buy	11	1.44	0.99643	0.97623	0.00000	
21	2015.01.23 00:45	close	10	1.05	0.99440	0.97653	0.00000	-182.43	10256.95
22	2015.01.23 00:45	close	11	1.44	0.99439	0.97623	0.00000	-218.95	10038.00
23	2015.01.26 00:09	buy	12	1.01	0.97887	0.95867	0.00000	
24	2015.01.26 00:46	close	12	1.01	0.98039	0.95867	0.00000	114.82	10152.82
25	2015.01.26 23:04	sell	13	1.02	0.98744	1.00764	0.00000	
26	2015.01.26 23:09	sell	14	1.40	0.98794	1.00814	0.00000	
27	2015.01.27 00:38	close	13	1.02	0.98744	1.00764	0.00000	-4.49	10148.32
28	2015.01.27 00:38	close	14	1.40	0.98745	1.00814	0.00000	45.12	10193.45
29	2015.01.28 22:35	buy	15	1.02	0.98974	0.96954	0.00000	
30	2015.01.29 00:26	close	15	1.02	0.98980	0.96954	0.00000	6.17	10199.62
31	2015.02.02 00:10	buy	16	1.02	0.98388	0.96368	0.00000	
32	2015.02.02 00:18	close	16	1.02	0.98538	0.96368	0.00000	114.43	10314.05
33	2015.02.02 22:54	buy	17	1.03	0.98141	0.96121	0.00000	
34	2015.02.03 01:05	close	17	1.03	0.98091	0.96121	0.00000	-37.98	10276.07
35	2015.02.04 22:00	sell	18	1.03	0.97753	0.99773	0.00000	
36	2015.02.04 22:46	close	18	1.03	0.97603	0.99773	0.00000	115.52	10391.59
37	2015.02.09 00:10	buy	19	1.04	0.97313	0.95293	0.00000	
38	2015.02.09 03:00	close	19	1.04	0.97100	0.95293	0.00000	-165.67	10225.92
39	2015.02.19 00:25	sell	20	1.03	0.97328	0.99348	0.00000	
40	2015.02.19 01:46	close	20	1.03	0.97260	0.99348	0.00000	52.37	10278.29
41	2015.02.23 00:10	sell	21	1.03	0.98301	1.00321	0.00000	
42	2015.02.23 02:57	close	21	1.03	0.98265	1.00321	0.00000	27.73	10306.02
43	2015.02.24 22:00	buy	22	1.03	0.97866	0.95846	0.00000	
44	2015.02.24 22:12	buy	23	1.42	0.97836	0.95816	0.00000	
45	2015.02.25 01:40	close	22	1.03	0.97798	0.95846	0.00000	-51.85	10254.16
46	2015.02.25 01:40	close	23	1.42	0.97799	0.95816	0.00000	-38.55	10215.61
47	2015.03.03 00:00	buy	24	1.02	0.97317	0.95297	0.00000	
48	2015.03.03 02:30	close	24	1.02	0.97342	0.95297	0.00000	19.07	10234.68
49	2015.03.05 22:00	sell	25	1.03	0.97235	0.99255	0.00000	
50	2015.03.05 23:44	close	25	1.03	0.97170	0.99255	0.00000	50.06	10284.74
51	2015.03.10 23:30	sell	26	1.03	0.96699	0.98719	0.00000	
52	2015.03.11 03:00	close	26	1.03	0.96855	0.98719	0.00000	-124.68	10160.06
53	2015.03.17 22:00	sell	27	1.02	0.97407	0.99427	0.00000	
54	2015.03.17 22:30	close	27	1.02	0.97321	0.99427	0.00000	65.59	10225.65
55	2015.03.23 00:20	sell	28	1.03	0.97859	0.99879	0.00000	
56	2015.03.23 02:09	close	28	1.03	0.97832	0.99879	0.00000	20.79	10246.44
57	2015.03.23 22:35	sell	29	1.03	0.98624	1.00644	0.00000	
58	2015.03.23 22:38	sell	30	1.41	0.98677	1.00697	0.00000	
59	2015.03.24 00:10	close	29	1.03	0.98600	1.00644	0.00000	13.94	10260.38
60	2015.03.24 00:10	close	30	1.41	0.98606	1.00697	0.00000	68.65	10329.03
61	2015.03.31 22:00	buy	31	1.04	0.96385	0.94365	0.00000	
62	2015.03.31 22:03	buy	32	1.43	0.96352	0.94332	0.00000	
63	2015.03.31 23:00	close	31	1.04	0.96453	0.94365	0.00000	52.90	10381.93
64	2015.03.31 23:00	close	32	1.43	0.96454	0.94332	0.00000	109.09	10491.02
65	2015.04.02 00:10	buy	33	1.05	0.95860	0.93840	0.00000	
66	2015.04.02 00:36	close	33	1.05	0.95921	0.93840	0.00000	47.90	10538.92
67	2015.04.06 22:10	buy	34	1.06	0.94968	0.92948	0.00000	
68	2015.04.06 22:16	buy	35	1.46	0.94938	0.92918	0.00000	
69	2015.04.07 00:32	close	34	1.06	0.94867	0.92948	0.00000	-79.52	10459.40
70	2015.04.07 00:32	close	35	1.46	0.94870	0.92918	0.00000	-73.49	10385.91
71	2015.04.09 00:10	buy	36	1.04	0.96322	0.94302	0.00000	
72	2015.04.09 00:35	close	36	1.04	0.96411	0.94302	0.00000	69.23	10455.14
73	2015.04.13 00:10	buy	37	1.05	0.96461	0.94441	0.00000	
74	2015.04.13 00:21	buy	38	1.44	0.96391	0.94371	0.00000	
75	2015.04.13 03:00	close	37	1.05	0.96363	0.94441	0.00000	-76.96	10378.18
76	2015.04.13 03:00	close	38	1.44	0.96364	0.94371	0.00000	-29.08	10349.10
77	2015.04.15 01:46	buy	39	1.04	0.95087	0.93067	0.00000	
78	2015.04.15 03:00	close	39	1.04	0.95040	0.93067	0.00000	-36.56	10312.54
79	2015.04.20 00:00	sell	40	1.03	0.95531	0.97551	0.00000	
80	2015.04.20 00:46	close	40	1.03	0.95377	0.97551	0.00000	118.61	10431.15
81	2015.04.21 22:41	buy	41	1.05	0.94645	0.92625	0.00000	
82	2015.04.21 23:40	close	41	1.05	0.94696	0.92625	0.00000	40.05	10471.20
83	2015.04.22 22:29	buy	42	1.05	0.94954	0.92934	0.00000	
84	2015.04.22 22:43	buy	43	1.45	0.94923	0.92903	0.00000	
85	2015.04.23 00:20	close	42	1.05	0.94939	0.92934	0.00000	-10.13	10461.07
86	2015.04.23 00:20	close	43	1.45	0.94938	0.92903	0.00000	18.53	10479.61
87	2015.04.28 01:35	buy	44	1.05	0.94811	0.92791	0.00000	
88	2015.04.28 01:50	close	44	1.05	0.94921	0.92791	0.00000	86.38	10565.99
89	2015.04.29 23:55	buy	45	1.06	0.96225	0.94205	0.00000	
90	2015.04.29 23:59	buy	46	1.46	0.96195	0.94175	0.00000	
91	2015.04.30 02:26	close	45	1.06	0.96130	0.94205	0.00000	-73.65	10492.34
92	2015.04.30 02:26	close	46	1.46	0.96131	0.94175	0.00000	-67.60	10424.74
93	2015.04.30 22:07	sell	47	1.04	0.95701	0.97721	0.00000	
94	2015.04.30 22:13	sell	48	1.44	0.95751	0.97771	0.00000	
95	2015.04.30 22:45	close	47	1.04	0.95562	0.97721	0.00000	108.09	10532.83
96	2015.04.30 22:45	close	48	1.44	0.95559	0.97771	0.00000	206.74	10739.57
97	2015.05.04 22:14	buy	49	1.08	0.94888	0.92868	0.00000	
98	2015.05.04 22:17	buy	50	1.48	0.94858	0.92838	0.00000	
99	2015.05.05 01:25	close	49	1.08	0.94778	0.92868	0.00000	-88.29	10651.28
100	2015.05.05 01:25	close	50	1.48	0.94780	0.92838	0.00000	-85.56	10565.72
101	2015.05.07 22:56	buy	51	1.06	0.95779	0.93759	0.00000	
102	2015.05.07 23:02	buy	52	1.46	0.95749	0.93729	0.00000	
103	2015.05.07 23:35	close	51	1.06	0.95880	0.93759	0.00000	80.07	10645.79
104	2015.05.07 23:35	close	52	1.46	0.95879	0.93729	0.00000	141.95	10787.74
105	2015.05.11 23:35	buy	53	1.08	0.95476	0.93456	0.00000	
106	2015.05.11 23:39	buy	54	1.49	0.95445	0.93425	0.00000	
107	2015.05.12 00:50	close	53	1.08	0.95500	0.93456	0.00000	19.94	10807.68
108	2015.05.12 00:50	close	54	1.49	0.95503	0.93425	0.00000	65.41	10873.09
109	2015.06.01 00:05	buy	55	1.09	0.95000	0.92980	0.00000	
110	2015.06.01 00:15	close	55	1.09	0.95152	0.92980	0.00000	123.91	10997.00
111	2015.06.08 00:00	buy	56	1.10	0.94704	0.92684	0.00000	
112	2015.06.08 00:10	close	56	1.10	0.94857	0.92684	0.00000	125.88	11122.88
113	2015.06.08 00:10	buy	57	1.11	0.94873	0.92853	0.00000	
114	2015.06.08 00:14	buy	58	1.53	0.94797	0.92777	0.00000	
115	2015.06.08 02:16	close	57	1.11	0.94902	0.92853	0.00000	24.07	11146.95
116	2015.06.08 02:16	close	58	1.53	0.94903	0.92777	0.00000	121.30	11268.25
117	2015.06.09 22:25	sell	59	1.13	0.94835	0.96855	0.00000	
118	2015.06.09 23:29	close	59	1.13	0.94779	0.96855	0.00000	47.32	11315.57
119	2015.06.11 00:00	buy	60	1.13	0.94949	0.92929	0.00000	
120	2015.06.11 00:03	buy	61	1.53	0.94679	0.92659	0.00000	
121	2015.06.11 03:00	close	60	1.13	0.94871	0.92929	0.00000	-65.92	11249.65
122	2015.06.11 03:00	close	61	1.53	0.94869	0.92659	0.00000	217.41	11467.06
123	2015.06.16 23:50	buy	62	1.15	0.95229	0.93209	0.00000	
124	2015.06.17 01:14	close	62	1.15	0.95277	0.93209	0.00000	41.88	11508.94
125	2015.06.17 22:00	sell	63	1.15	0.94852	0.96872	0.00000	
126	2015.06.17 22:14	sell	64	1.59	0.94903	0.96923	0.00000	
127	2015.06.17 22:57	close	63	1.15	0.94695	0.96872	0.00000	135.01	11643.95
128	2015.06.17 22:57	close	64	1.59	0.94694	0.96923	0.00000	248.48	11892.43
129	2015.06.18 01:50	buy	65	1.19	0.94474	0.92454	0.00000	
130	2015.06.18 01:57	close	65	1.19	0.94624	0.92454	0.00000	133.50	12025.93
131	2015.06.24 23:59	buy	66	1.21	0.95383	0.93363	0.00000	
132	2015.06.25 01:15	close	66	1.21	0.95417	0.93363	0.00000	32.66	12058.59
133	2015.06.25 22:00	buy	67	1.21	0.95380	0.93360	0.00000	
134	2015.06.26 00:30	close	67	1.21	0.95375	0.93360	0.00000	-3.89	12054.70
135	2015.06.29 00:00	buy	68	1.21	0.94010	0.91990	0.00000	
136	2015.06.29 00:08	buy	69	1.67	0.93979	0.91959	0.00000	
137	2015.06.29 01:20	close	68	1.21	0.94129	0.91990	0.00000	107.69	12162.39
138	2015.06.29 01:20	close	69	1.67	0.94126	0.91959	0.00000	183.60	12345.99
139	2015.07.06 00:05	buy	70	1.24	0.94198	0.92178	0.00000	
140	2015.07.06 01:00	buy	71	1.70	0.94159	0.92139	0.00000	
141	2015.07.06 01:28	close	70	1.24	0.94349	0.92178	0.00000	140.03	12486.02
142	2015.07.06 01:28	close	71	1.70	0.94347	0.92139	0.00000	239.02	12725.04
143	2015.07.20 00:41	buy	72	1.28	0.95665	0.93645	0.00000	
144	2015.07.20 01:54	close	72	1.28	0.95728	0.93645	0.00000	60.31	12785.35
145	2015.07.21 00:00	buy	73	1.28	0.95744	0.93724	0.00000	
146	2015.07.21 00:26	close	73	1.28	0.95816	0.93724	0.00000	68.93	12854.28
147	2015.07.21 22:36	buy	74	1.29	0.96153	0.94133	0.00000	
148	2015.07.21 22:45	buy	75	1.78	0.96122	0.94102	0.00000	
149	2015.07.22 00:25	close	74	1.29	0.96126	0.94133	0.00000	-25.38	12828.90
150	2015.07.22 00:25	close	75	1.78	0.96125	0.94102	0.00000	4.92	12833.81
151	2015.07.27 23:32	buy	76	1.29	0.94784	0.92764	0.00000	
152	2015.07.27 23:35	buy	77	1.77	0.94749	0.92729	0.00000	
153	2015.07.28 01:15	close	76	1.29	0.94780	0.92764	0.00000	-3.19	12830.63
154	2015.07.28 01:15	close	77	1.77	0.94782	0.92729	0.00000	44.60	12875.23
155	2015.07.29 00:20	sell	78	1.29	0.94907	0.96927	0.00000	
156	2015.07.29 00:23	sell	79	1.78	0.94957	0.96977	0.00000	
157	2015.07.29 03:00	close	78	1.29	0.95005	0.96927	0.00000	-94.53	12780.70
158	2015.07.29 03:00	close	79	1.78	0.95006	0.96977	0.00000	-65.22	12715.48
159	2015.08.03 22:41	sell	80	1.27	0.95661	0.97681	0.00000	
160	2015.08.03 22:53	sell	81	1.75	0.95711	0.97731	0.00000	
161	2015.08.04 00:41	close	80	1.27	0.95746	0.97681	0.00000	-86.32	12629.16
162	2015.08.04 00:41	close	81	1.75	0.95748	0.97731	0.00000	-56.12	12573.04
163	2015.08.06 22:00	buy	82	1.26	0.96291	0.94271	0.00000	
164	2015.08.06 22:18	close	82	1.26	0.96390	0.94271	0.00000	93.29	12666.33
165	2015.08.10 00:00	sell	83	1.27	0.97206	0.99226	0.00000	
166	2015.08.10 00:09	sell	84	1.75	0.97256	0.99276	0.00000	
167	2015.08.10 02:59	close	83	1.27	0.97286	0.99226	0.00000	-75.97	12590.36
168	2015.08.10 02:59	close	84	1.75	0.97284	0.99276	0.00000	-36.64	12553.72
169	2015.08.10 22:00	buy	85	1.26	0.96312	0.94292	0.00000	
170	2015.08.10 23:25	close	85	1.26	0.96382	0.94292	0.00000	65.96	12619.68
171	2015.08.17 23:50	buy	86	1.26	0.96444	0.94424	0.00000	
172	2015.08.17 23:59	buy	87	1.74	0.96412	0.94392	0.00000	
173	2015.08.18 01:10	close	86	1.26	0.96465	0.94424	0.00000	20.44	12640.12
174	2015.08.18 01:10	close	87	1.74	0.96464	0.94392	0.00000	68.58	12708.69
175	2015.08.24 01:50	buy	88	1.27	0.96064	0.94044	0.00000	
176	2015.08.24 01:53	buy	89	1.74	0.95907	0.93887	0.00000	
177	2015.08.24 03:00	close	88	1.27	0.95867	0.94044	0.00000	-187.11	12521.58
178	2015.08.24 03:00	close	89	1.74	0.95869	0.93887	0.00000	-49.45	12472.13
179	2015.08.25 22:02	buy	90	1.25	0.95332	0.93312	0.00000	
180	2015.08.25 22:49	buy	91	1.71	0.95173	0.93153	0.00000	
181	2015.08.26 00:42	close	90	1.25	0.95214	0.93312	0.00000	-109.67	12362.47
182	2015.08.26 00:42	close	91	1.71	0.95220	0.93153	0.00000	60.99	12423.46
183	2015.08.26 22:11	sell	92	1.24	0.94832	0.96852	0.00000	
184	2015.08.26 22:51	sell	93	1.71	0.94884	0.96904	0.00000	
185	2015.08.26 23:15	close	92	1.24	0.94668	0.96852	0.00000	152.06	12575.52
186	2015.08.26 23:15	close	93	1.71	0.94662	0.96904	0.00000	283.86	12859.38
187	2015.08.31 23:09	buy	94	1.29	0.93588	0.91568	0.00000	
188	2015.08.31 23:12	buy	95	1.77	0.93508	0.91488	0.00000	
189	2015.09.01 02:00	close	94	1.29	0.93479	0.91568	0.00000	-104.49	12754.89
190	2015.09.01 02:00	close	95	1.77	0.93482	0.91488	0.00000	-33.50	12721.39
191	2015.09.03 01:25	sell	96	1.27	0.93511	0.95531	0.00000	
192	2015.09.03 02:53	close	96	1.27	0.93458	0.95531	0.00000	50.33	12771.72
193	2015.09.09 00:00	buy	97	1.28	0.92640	0.90620	0.00000	
194	2015.09.09 01:00	close	97	1.28	0.92725	0.90620	0.00000	81.37	12853.09
195	2015.09.09 01:55	sell	98	1.29	0.92882	0.94902	0.00000	
196	2015.09.09 03:00	close	98	1.29	0.92880	0.94902	0.00000	1.92	12855.01
197	2015.09.15 22:20	sell	99	1.29	0.94567	0.96587	0.00000	
198	2015.09.15 22:26	sell	100	1.77	0.94618	0.96638	0.00000	
199	2015.09.16 00:10	close	99	1.29	0.94550	0.96587	0.00000	10.72	12865.73
200	2015.09.16 00:10	close	100	1.77	0.94554	0.96638	0.00000	76.90	12942.63
201	2015.09.17 22:00	sell	101	1.30	0.94990	0.97010	0.00000	
202	2015.09.17 22:08	close	101	1.30	0.94838	0.97010	0.00000	147.75	13090.38
203	2015.09.23 01:30	buy	102	1.31	0.93870	0.91850	0.00000	
204	2015.09.23 02:15	close	102	1.31	0.93937	0.91850	0.00000	65.65	13156.03
205	2015.09.29 01:45	buy	103	1.32	0.93422	0.91402	0.00000	
206	2015.09.29 02:10	close	103	1.32	0.93477	0.91402	0.00000	54.29	13210.32
207	2015.09.29 22:00	buy	104	1.32	0.93723	0.91703	0.00000	
208	2015.09.29 22:44	close	104	1.32	0.93813	0.91703	0.00000	88.85	13299.17
209	2015.09.30 22:00	buy	105	1.33	0.93621	0.91601	0.00000	
210	2015.09.30 22:04	buy	106	1.83	0.93560	0.91540	0.00000	
211	2015.10.01 00:58	close	105	1.33	0.93542	0.91601	0.00000	-76.50	13222.67
212	2015.10.01 00:58	close	106	1.83	0.93544	0.91540	0.00000	-19.04	13203.62
213	2015.10.01 01:43	buy	107	1.32	0.93230	0.91210	0.00000	
214	2015.10.01 02:33	close	107	1.32	0.93381	0.91210	0.00000	149.07	13352.69
215	2015.10.06 22:40	sell	108	1.34	0.93485	0.95505	0.00000	
216	2015.10.06 23:40	close	108	1.34	0.93387	0.95505	0.00000	98.19	13450.88
217	2015.10.14 00:25	buy	109	1.35	0.94292	0.92272	0.00000	
218	2015.10.14 00:28	buy	110	1.85	0.94241	0.92221	0.00000	
219	2015.10.14 03:00	close	109	1.35	0.93996	0.92272	0.00000	-298.86	13152.02
220	2015.10.14 03:00	close	110	1.85	0.93995	0.92221	0.00000	-340.37	12811.65
221	2015.10.14 22:19	sell	111	1.28	0.94459	0.96479	0.00000	
222	2015.10.15 00:36	close	111	1.28	0.94393	0.96479	0.00000	46.25	12857.91
223	2015.10.15 22:30	buy	112	1.29	0.94119	0.92099	0.00000	
224	2015.10.15 23:10	close	112	1.29	0.94199	0.92099	0.00000	77.18	12935.09
225	2015.10.19 00:05	buy	113	1.30	0.93646	0.91626	0.00000	
226	2015.10.19 00:38	close	113	1.30	0.93796	0.91626	0.00000	145.84	13080.93
227	2015.10.22 23:55	buy	114	1.31	0.94347	0.92327	0.00000	
228	2015.10.23 00:45	close	114	1.31	0.94412	0.92327	0.00000	64.36	13145.29
229	2015.10.27 00:08	buy	115	1.32	0.95226	0.93206	0.00000	
230	2015.10.27 01:05	close	115	1.32	0.95328	0.93206	0.00000	100.70	13245.99
231	2015.10.27 23:35	buy	116	1.33	0.95290	0.93270	0.00000	
232	2015.10.27 23:59	close	116	1.33	0.95430	0.93270	0.00000	139.26	13385.25
233	2015.11.02 00:10	buy	117	1.34	0.93110	0.91090	0.00000	
234	2015.11.02 00:13	buy	118	1.85	0.93057	0.91037	0.00000	
235	2015.11.02 01:43	close	117	1.34	0.93241	0.91090	0.00000	131.29	13516.54
236	2015.11.02 01:43	close	118	1.85	0.93240	0.91037	0.00000	253.20	13769.74
237	2015.11.02 23:30	sell	119	1.38	0.93603	0.95623	0.00000	
238	2015.11.03 00:32	close	119	1.38	0.93561	0.95623	0.00000	37.26	13807.00
239	2015.11.03 01:47	sell	120	1.38	0.93730	0.95750	0.00000	
240	2015.11.03 03:00	close	120	1.38	0.93797	0.95750	0.00000	-69.13	13737.87
241	2015.11.04 23:55	buy	121	1.38	0.93993	0.91973	0.00000	
242	2015.11.04 23:58	buy	122	1.90	0.93962	0.91942	0.00000	
243	2015.11.05 02:30	close	121	1.38	0.93902	0.91973	0.00000	-91.76	13646.10
244	2015.11.05 02:30	close	122	1.90	0.93904	0.91942	0.00000	-79.45	13566.65
245	2015.11.10 23:35	sell	123	1.36	0.93309	0.95329	0.00000	
246	2015.11.11 01:50	sell	124	1.86	0.93450	0.95470	0.00000	
247	2015.11.11 03:00	close	123	1.36	0.93502	0.95329	0.00000	-202.25	13364.40
248	2015.11.11 03:00	close	124	1.86	0.93503	0.95470	0.00000	-73.71	13290.69
249	2015.11.16 01:20	buy	125	1.33	0.94584	0.92564	0.00000	
250	2015.11.16 02:10	close	125	1.33	0.94701	0.92564	0.00000	116.38	13407.07
251	2015.11.18 00:03	buy	126	1.34	0.94654	0.92634	0.00000	
252	2015.11.18 01:11	close	126	1.34	0.94708	0.92634	0.00000	54.12	13461.19
253	2015.11.24 23:05	sell	127	1.35	0.96422	0.98442	0.00000	
254	2015.11.24 23:13	sell	128	1.86	0.96472	0.98492	0.00000	
255	2015.11.25 01:30	close	127	1.35	0.96544	0.98442	0.00000	-129.10	13332.09
256	2015.11.25 01:30	close	128	1.86	0.96543	0.98492	0.00000	-106.94	13225.15
257	2015.11.30 01:30	buy	129	1.33	0.96024	0.94004	0.00000	
258	2015.11.30 01:33	buy	130	1.83	0.95992	0.93972	0.00000	
259	2015.11.30 03:00	close	129	1.33	0.96015	0.94004	0.00000	-8.96	13216.19
260	2015.11.30 03:00	close	130	1.83	0.96014	0.93972	0.00000	30.11	13246.30
261	2015.12.01 00:35	buy	131	1.33	0.96410	0.94390	0.00000	
262	2015.12.01 01:35	close	131	1.33	0.96479	0.94390	0.00000	68.63	13314.93
263	2015.12.01 22:00	sell	132	1.33	0.98088	1.00108	0.00000	
264	2015.12.01 22:33	close	132	1.33	0.97983	1.00108	0.00000	104.43	13419.36
265	2015.12.02 00:00	buy	133	1.34	0.97798	0.95778	0.00000	
266	2015.12.02 00:06	buy	134	1.85	0.97766	0.95746	0.00000	
267	2015.12.02 01:20	close	133	1.34	0.97871	0.95778	0.00000	73.16	13492.52
268	2015.12.02 01:20	close	134	1.85	0.97870	0.95746	0.00000	143.90	13636.42
269	2015.12.09 00:10	sell	135	1.37	0.98040	1.00060	0.00000	
270	2015.12.09 00:13	sell	136	1.88	0.98090	1.00110	0.00000	
271	2015.12.09 01:37	close	135	1.37	0.98022	1.00060	0.00000	18.44	13654.86
272	2015.12.09 01:37	close	136	1.88	0.98018	1.00110	0.00000	101.21	13756.07
273	2015.12.09 22:15	sell	137	1.38	0.98205	1.00225	0.00000	
274	2015.12.09 22:55	close	137	1.38	0.98080	1.00225	0.00000	128.98	13885.05
275	2015.12.14 00:20	buy	138	1.39	0.98599	0.96579	0.00000	
276	2015.12.14 00:44	close	138	1.39	0.98755	0.96579	0.00000	162.17	14047.22
277	2015.12.14 01:20	buy	139	1.41	0.98445	0.96425	0.00000	
278	2015.12.14 02:45	close	139	1.41	0.98529	0.96425	0.00000	88.58	14135.80
279	2015.12.15 22:31	sell	140	1.42	0.98880	1.00900	0.00000	
280	2015.12.15 23:45	close	140	1.42	0.98810	1.00900	0.00000	74.32	14210.12
281	2015.12.17 01:05	buy	141	1.42	0.99288	0.97268	0.00000	
282	2015.12.17 02:11	close	141	1.42	0.99398	0.97268	0.00000	116.82	14326.94
283	2015.12.21 00:10	buy	142	1.44	0.99867	0.97847	0.00000	
284	2015.12.21 01:05	close	142	1.44	1.00003	0.97847	0.00000	146.47	14473.41
285	2015.12.23 22:00	sell	143	1.45	1.00325	1.02345	0.00000	
286	2015.12.23 22:06	sell	144	2.00	1.00375	1.02395	0.00000	
287	2015.12.23 23:37	close	143	1.45	1.00289	1.02345	0.00000	39.03	14512.44
288	2015.12.23 23:37	close	144	2.00	1.00290	1.02395	0.00000	127.12	14639.56
289	2015.12.24 00:05	buy	145	1.47	1.00114	0.98094	0.00000	
290	2015.12.24 01:10	close	145	1.47	1.00192	0.98094	0.00000	85.75	14725.31
291	2015.12.30 22:00	sell	146	1.48	1.01277	1.03297	0.00000	
292	2015.12.30 23:01	close	146	1.48	1.01187	1.03297	0.00000	99.60	14824.91
293	2015.12.31 00:06	buy	147	1.48	1.00993	0.98973	0.00000	
294	2015.12.31 00:30	buy	148	2.05	1.00960	0.98940	0.00000	
295	2015.12.31 02:03	close	147	1.48	1.01038	0.98973	0.00000	49.81	14874.72
296	2015.12.31 02:03	close	148	2.05	1.01041	0.98940	0.00000	124.19	14998.91
297	2016.01.04 01:00	sell	149	1.50	1.01155	1.03175	0.00000	
298	2016.01.04 01:17	close	149	1.50	1.01003	1.03175	0.00000	170.49	15169.40
299	2016.01.05 00:30	buy	150	1.52	1.00027	0.98007	0.00000	
300	2016.01.05 02:00	close	150	1.52	1.00123	0.98007	0.00000	109.13	15278.53
301	2016.01.05 22:30	sell	151	1.53	1.00208	1.02228	0.00000	
302	2016.01.05 23:35	close	151	1.53	1.00090	1.02228	0.00000	134.99	15413.52
303	2016.01.07 23:50	sell	152	1.54	0.98853	1.00873	0.00000	
304	2016.01.07 23:55	sell	153	2.13	0.98903	1.00923	0.00000	
305	2016.01.08 01:50	close	152	1.54	0.98923	1.00873	0.00000	-87.39	15326.12
306	2016.01.08 01:50	close	153	2.13	0.98925	1.00923	0.00000	-44.42	15281.70
307	2016.01.18 00:08	sell	154	1.53	0.99915	1.01935	0.00000	
308	2016.01.18 00:11	sell	155	2.11	0.99969	1.01989	0.00000	
309	2016.01.18 02:41	close	154	1.53	0.99906	1.01935	0.00000	10.30	15292.00
310	2016.01.18 02:41	close	155	2.11	0.99905	1.01989	0.00000	100.97	15392.97
311	2016.01.19 23:00	sell	156	1.54	1.00755	1.02775	0.00000	
312	2016.01.19 23:45	close	156	1.54	1.00651	1.02775	0.00000	119.76	15512.73
313	2016.01.21 22:48	sell	157	1.55	1.00075	1.02095	0.00000	
314	2016.01.21 22:55	sell	158	2.14	1.00125	1.02145	0.00000	
315	2016.01.21 23:43	close	157	1.55	0.99933	1.02095	0.00000	164.58	15677.31
316	2016.01.21 23:43	close	158	2.14	0.99931	1.02145	0.00000	310.43	15987.74
317	2016.01.26 23:55	sell	159	1.60	0.98936	1.00956	0.00000	
318	2016.01.27 00:05	close	159	1.60	0.98777	1.00956	0.00000	183.17	16170.91
319	2016.01.28 01:40	buy	160	1.62	0.98828	0.96808	0.00000	
320	2016.01.28 02:22	close	160	1.62	0.98949	0.96808	0.00000	146.60	16317.51
321	2016.02.01 00:00	buy	161	1.63	0.98897	0.96877	0.00000	
322	2016.02.01 00:50	buy	162	2.25	0.98850	0.96830	0.00000	
323	2016.02.01 03:00	close	161	1.63	0.98755	0.96877	0.00000	-173.11	16144.40
324	2016.02.01 03:00	close	162	2.25	0.98756	0.96830	0.00000	-158.18	15986.22
325	2016.02.03 00:45	buy	163	1.60	0.98679	0.96659	0.00000	
326	2016.02.03 00:59	buy	164	2.21	0.98649	0.96629	0.00000	
327	2016.02.03 01:16	close	163	1.60	0.98870	0.96659	0.00000	228.56	16214.78
328	2016.02.03 01:16	close	164	2.21	0.98869	0.96629	0.00000	363.63	16578.41
329	2016.02.16 22:47	sell	165	1.66	0.98639	1.00659	0.00000	
330	2016.02.17 00:00	close	165	1.66	0.98563	1.00659	0.00000	87.02	16665.42
331	2016.02.17 22:26	sell	166	1.67	0.98489	1.00509	0.00000	
332	2016.02.17 22:32	sell	167	2.30	0.98540	1.00560	0.00000	
333	2016.02.17 23:05	close	166	1.67	0.98371	1.00509	0.00000	147.35	16812.77
334	2016.02.17 23:06	close	167	2.30	0.98369	1.00560	0.00000	294.08	17106.85
335	2016.02.18 22:00	sell	168	1.71	0.98343	1.00363	0.00000	
336	2016.02.18 22:53	close	168	1.71	0.98206	1.00363	0.00000	175.18	17282.03
337	2016.02.24 00:54	buy	169	1.73	0.99127	0.97107	0.00000	
338	2016.02.24 00:57	buy	170	2.38	0.99076	0.97056	0.00000	
339	2016.02.24 01:40	close	169	1.73	0.99238	0.97107	0.00000	143.62	17425.65
340	2016.02.24 01:40	close	170	2.38	0.99239	0.97056	0.00000	290.14	17715.79
341	2016.02.29 01:35	sell	171	1.77	0.96490	0.98510	0.00000	
342	2016.02.29 01:50	sell	172	2.44	0.96543	0.98563	0.00000	
343	2016.02.29 02:10	close	171	1.77	0.96375	0.98510	0.00000	152.20	17867.99
344	2016.02.29 02:10	close	172	2.44	0.96373	0.98563	0.00000	310.16	18178.15
345	2016.02.29 22:00	buy	173	1.82	0.96421	0.94401	0.00000	
346	2016.02.29 22:57	close	173	1.82	0.96557	0.94401	0.00000	185.12	18363.27
347	2016.02.29 23:30	sell	174	1.84	0.96672	0.98692	0.00000	
348	2016.03.01 00:55	close	174	1.84	0.96620	0.98692	0.00000	63.44	18426.72
349	2016.03.01 23:30	sell	175	1.85	0.96335	0.98355	0.00000	
350	2016.03.01 23:54	close	175	1.85	0.96237	0.98355	0.00000	135.56	18562.28
351	2016.03.09 22:25	buy	176	1.86	0.99242	0.97222	0.00000	
352	2016.03.09 22:28	buy	177	2.55	0.99150	0.97130	0.00000	
353	2016.03.10 02:36	close	176	1.86	0.98997	0.97222	0.00000	-337.90	18224.37
354	2016.03.10 02:36	close	177	2.55	0.98996	0.97130	0.00000	-289.72	17934.66
355	2016.03.15 22:00	buy	178	1.80	0.99464	0.97444	0.00000	
356	2016.03.15 22:40	close	178	1.80	0.99574	0.97444	0.00000	148.08	18082.74
357	2016.03.17 00:00	buy	179	1.81	0.98875	0.96855	0.00000	
358	2016.03.17 00:13	close	179	1.81	0.99025	0.96855	0.00000	203.06	18285.80
359	2016.04.07 22:10	buy	180	1.83	0.98614	0.96594	0.00000	
360	2016.04.07 22:16	buy	181	2.53	0.98584	0.96564	0.00000	
361	2016.04.07 23:26	close	180	1.83	0.98679	0.96594	0.00000	88.97	18374.77
362	2016.04.07 23:26	close	181	2.53	0.98678	0.96564	0.00000	177.86	18552.63
363	2016.05.22 23:35	buy	182	1.86	0.94659	0.92639	0.00000	
364	2016.05.23 00:00	buy	183	2.56	0.94600	0.92580	0.00000	
365	2016.05.23 03:00	close	182	1.86	0.94793	0.92639	0.00000	187.38	18740.00
366	2016.05.23 03:00	close	183	2.56	0.94792	0.92580	0.00000	367.60	19107.60
367	2016.05.23 22:05	sell	184	1.91	0.94855	0.96875	0.00000	
368	2016.05.23 22:34	sell	185	2.63	0.94906	0.96926	0.00000	
369	2016.05.24 00:46	close	184	1.91	0.94902	0.96875	0.00000	-75.55	19032.06
370	2016.05.24 00:47	close	185	2.63	0.94900	0.96926	0.00000	0.21	19032.27
371	2016.05.25 22:00	buy	186	1.91	0.93809	0.91789	0.00000	
372	2016.05.25 23:20	buy	187	2.62	0.93734	0.91714	0.00000	
373	2016.05.26 03:00	close	186	1.91	0.93644	0.91789	0.00000	-232.72	18799.56
374	2016.05.26 03:00	close	187	2.62	0.93645	0.91714	0.00000	-170.30	18629.26
375	2016.05.31 00:00	buy	188	1.87	0.93683	0.91663	0.00000	
376	2016.05.31 00:41	close	188	1.87	0.93727	0.91663	0.00000	61.53	18690.79
377	2016.06.06 22:50	buy	189	1.87	0.94405	0.92385	0.00000	
378	2016.06.06 23:01	buy	190	2.58	0.94375	0.92355	0.00000	
379	2016.06.06 23:20	close	189	1.87	0.94498	0.92385	0.00000	130.06	18820.85
380	2016.06.06 23:20	close	190	2.58	0.94496	0.92355	0.00000	233.48	19054.33
381	2016.06.07 23:55	buy	191	1.91	0.95064	0.93044	0.00000	
382	2016.06.07 23:58	buy	192	2.63	0.95020	0.93000	0.00000	
383	2016.06.08 03:00	close	191	1.91	0.94955	0.93044	0.00000	-154.71	18899.62
384	2016.06.08 03:00	close	192	2.63	0.94956	0.93000	0.00000	-124.52	18775.10
385	2016.06.08 23:11	buy	193	1.88	0.94847	0.92827	0.00000	
386	2016.06.09 00:00	buy	194	2.58	0.94775	0.92755	0.00000	
387	2016.06.09 00:02	close	193	1.88	0.95162	0.92827	0.00000	445.84	19220.94
388	2016.06.09 00:02	close	194	2.58	0.95155	0.92755	0.00000	733.23	19954.17
389	2016.06.13 23:53	sell	195	2.00	0.94668	0.96688	0.00000	
390	2016.06.13 23:57	sell	196	2.74	0.94749	0.96769	0.00000	
391	2016.06.14 01:21	close	195	2.00	0.94660	0.96688	0.00000	3.16	19957.33
392	2016.06.14 01:21	close	196	2.74	0.94659	0.96769	0.00000	172.32	20129.65
393	2016.06.20 00:05	sell	197	2.02	0.95435	0.97455	0.00000	
394	2016.06.20 00:08	sell	198	2.78	0.95485	0.97505	0.00000	
395	2016.06.20 01:05	close	197	2.02	0.95323	0.97455	0.00000	169.17	20298.82
396	2016.06.20 01:05	close	198	2.78	0.95328	0.97505	0.00000	326.36	20625.18
397	2016.06.20 22:00	buy	199	2.07	0.95417	0.93397	0.00000	
398	2016.06.20 22:07	buy	200	2.85	0.95387	0.93367	0.00000	
399	2016.06.20 22:55	close	199	2.07	0.95455	0.93397	0.00000	58.82	20684.00
400	2016.06.20 22:55	close	200	2.85	0.95456	0.93367	0.00000	147.07	20831.07
401	2016.06.27 00:15	buy	201	2.09	0.96757	0.94737	0.00000	
402	2016.06.27 01:19	close	201	2.09	0.96907	0.94737	0.00000	234.46	21065.53
403	2016.06.27 22:25	buy	202	2.11	0.95954	0.93934	0.00000	
404	2016.06.27 22:45	close	202	2.11	0.96087	0.93934	0.00000	209.88	21275.41
405	2016.06.27 23:30	buy	203	2.13	0.95824	0.93804	0.00000	
406	2016.06.28 00:25	close	203	2.13	0.95943	0.93804	0.00000	190.68	21466.08
407	2016.07.04 00:11	buy	204	2.15	0.96237	0.94217	0.00000	
408	2016.07.04 01:04	close	204	2.15	0.96388	0.94217	0.00000	242.80	21708.88
409	2016.07.05 00:05	buy	205	2.17	0.96742	0.94722	0.00000	
410	2016.07.05 01:13	close	205	2.17	0.96819	0.94722	0.00000	124.97	21833.85
411	2016.07.05 22:00	sell	206	2.19	0.96864	0.98884	0.00000	
412	2016.07.05 22:31	sell	207	3.01	0.96914	0.98934	0.00000	
413	2016.07.06 00:00	close	206	2.19	0.96824	0.98884	0.00000	55.85	21889.71
414	2016.07.06 00:00	close	207	3.01	0.96830	0.98934	0.00000	175.80	22065.50
415	2016.07.07 23:41	buy	208	2.21	0.97121	0.95101	0.00000	
416	2016.07.08 00:36	close	208	2.21	0.97217	0.95101	0.00000	159.82	22225.32
417	2016.07.17 23:20	buy	209	2.23	0.97972	0.95952	0.00000	
418	2016.07.17 23:40	close	209	2.23	0.98189	0.95952	0.00000	361.91	22587.23
419	2016.07.18 22:00	buy	210	2.26	0.98304	0.96284	0.00000	
420	2016.07.19 00:10	buy	211	3.09	0.98157	0.96137	0.00000	
421	2016.07.19 03:00	close	210	2.26	0.98157	0.96284	0.00000	-247.28	22339.95
422	2016.07.19 03:00	close	211	3.09	0.98155	0.96137	0.00000	-4.63	22335.32
423	2016.07.20 01:55	sell	212	2.24	0.97842	0.99862	0.00000	
424	2016.07.20 02:55	close	212	2.24	0.97815	0.99862	0.00000	45.22	22380.54
425	2016.07.21 00:05	buy	213	2.24	0.97450	0.95430	0.00000	
426	2016.07.21 00:08	buy	214	3.09	0.97413	0.95393	0.00000	
427	2016.07.21 00:25	close	213	2.24	0.97628	0.95430	0.00000	298.20	22678.74
428	2016.07.21 00:25	close	214	3.09	0.97633	0.95393	0.00000	508.42	23187.16
429	2016.07.21 22:00	sell	215	2.32	0.98009	1.00029	0.00000	
430	2016.07.21 22:13	sell	216	3.20	0.98060	1.00080	0.00000	
431	2016.07.21 23:29	close	215	2.32	0.98022	1.00029	0.00000	-22.55	23164.61
432	2016.07.21 23:29	close	216	3.20	0.98019	1.00080	0.00000	98.11	23262.72
433	2016.07.24 23:55	buy	217	2.33	0.97916	0.95896	0.00000	
434	2016.07.25 00:00	buy	218	3.21	0.97885	0.95865	0.00000	
435	2016.07.25 01:00	close	217	2.33	0.98045	0.95896	0.00000	226.00	23488.72
436	2016.07.25 01:00	close	218	3.21	0.98047	0.95865	0.00000	388.92	23877.64
437	2016.07.26 22:00	buy	219	2.39	0.99036	0.97016	0.00000	
438	2016.07.26 22:09	buy	220	3.29	0.98996	0.96976	0.00000	
439	2016.07.27 00:35	close	219	2.39	0.98972	0.97016	0.00000	-113.16	23764.49
440	2016.07.27 00:35	close	220	3.29	0.98970	0.96976	0.00000	-62.27	23702.22
441	2016.08.01 00:14	buy	221	2.37	0.98912	0.96892	0.00000	
442	2016.08.01 00:43	close	221	2.37	0.99063	0.96892	0.00000	267.65	23969.87
443	2016.08.01 22:30	buy	222	2.40	0.98973	0.96953	0.00000	
444	2016.08.01 22:42	buy	223	3.31	0.98943	0.96923	0.00000	
445	2016.08.02 00:57	close	222	2.40	0.98883	0.96953	0.00000	-160.30	23809.57
446	2016.08.02 00:57	close	223	3.31	0.98881	0.96923	0.00000	-151.76	23657.82
447	2016.08.09 00:00	buy	224	2.37	1.00598	0.98578	0.00000	
448	2016.08.09 00:25	close	224	2.37	1.00677	0.98578	0.00000	140.02	23797.84
449	2016.08.11 00:00	buy	225	2.38	1.00453	0.98433	0.00000	
450	2016.08.11 00:00	close	225	2.38	1.00619	0.98433	0.00000	295.48	24093.32
451	2016.08.11 00:04	buy	226	2.41	1.00498	0.98478	0.00000	
452	2016.08.11 00:04	close	226	2.41	1.00655	0.98478	0.00000	282.98	24376.30
453	2016.08.15 01:50	sell	227	2.44	0.99278	1.01298	0.00000	
454	2016.08.15 02:36	close	227	2.44	0.99190	1.01298	0.00000	160.56	24536.86
455	2016.08.16 01:35	sell	228	2.46	0.99244	1.01264	0.00000	
456	2016.08.16 02:20	close	228	2.46	0.99205	1.01264	0.00000	71.74	24608.60
457	2016.08.22 01:50	sell	229	2.46	0.98140	1.00160	0.00000	
458	2016.08.22 02:46	close	229	2.46	0.98084	1.00160	0.00000	103.01	24711.61
459	2016.08.29 23:45	buy	230	2.47	0.98524	0.96504	0.00000	
460	2016.08.29 23:56	buy	231	3.41	0.98494	0.96474	0.00000	
461	2016.08.30 00:32	close	230	2.47	0.98560	0.96504	0.00000	67.79	24779.39
462	2016.08.30 00:32	close	231	3.41	0.98559	0.96474	0.00000	167.55	24946.94
463	2016.09.06 00:00	buy	232	2.50	0.97975	0.95955	0.00000	
464	2016.09.06 00:31	close	232	2.50	0.98015	0.95955	0.00000	74.78	25021.72
465	2016.09.06 01:20	sell	233	2.50	0.98068	1.00088	0.00000	
466	2016.09.06 03:00	close	233	2.50	0.98165	1.00088	0.00000	-181.33	24840.39
467	2016.09.06 22:35	sell	234	2.49	0.98651	1.00671	0.00000	
468	2016.09.06 22:58	sell	235	3.42	0.98701	1.00721	0.00000	
469	2016.09.07 01:11	close	234	2.49	0.98673	1.00671	0.00000	-51.93	24788.46
470	2016.09.07 01:11	close	235	3.42	0.98676	1.00721	0.00000	48.86	24837.32
471	2016.09.15 22:00	sell	236	2.49	0.98862	1.00882	0.00000	
472	2016.09.15 22:05	sell	237	3.42	0.98913	1.00933	0.00000	
473	2016.09.15 23:50	close	236	2.49	0.98808	1.00882	0.00000	100.54	24937.86
474	2016.09.15 23:50	close	237	3.42	0.98809	1.00933	0.00000	265.95	25203.81
475	2016.09.26 00:05	buy	238	2.52	1.00181	0.98161	0.00000	
476	2016.09.26 00:43	close	238	2.52	1.00289	0.98161	0.00000	203.54	25407.35
477	2016.09.26 22:00	sell	239	2.54	1.01029	1.03049	0.00000	
478	2016.09.26 23:30	close	239	2.54	1.01008	1.03049	0.00000	39.88	25447.23
479	2016.09.28 00:00	buy	240	2.55	1.01144	0.99124	0.00000	
480	2016.09.28 01:18	close	240	2.55	1.01212	0.99124	0.00000	129.68	25576.91
481	2016.09.28 22:00	buy	241	2.56	1.00639	0.98619	0.00000	
482	2016.09.28 22:34	close	241	2.56	1.00789	0.98619	0.00000	287.19	25864.10
483	2016.09.29 01:31	buy	242	2.59	1.00536	0.98516	0.00000	
484	2016.09.29 01:35	buy	243	3.57	1.00505	0.98485	0.00000	
485	2016.09.29 03:00	close	242	2.59	1.00506	0.98516	0.00000	-58.11	25805.99
486	2016.09.29 03:00	close	243	3.57	1.00505	0.98485	0.00000	0.00	25805.99
487	2016.10.03 00:05	buy	244	2.58	1.00290	0.98270	0.00000	
488	2016.10.03 00:12	close	244	2.58	1.00455	0.98270	0.00000	318.38	26124.37
489	2016.10.04 01:08	sell	245	2.61	1.00812	1.02832	0.00000	
490	2016.10.04 03:00	close	245	2.61	1.00798	1.02832	0.00000	27.32	26151.69
491	2016.10.05 00:50	buy	246	2.62	1.00400	0.98380	0.00000	
492	2016.10.05 01:35	close	246	2.62	1.00443	0.98380	0.00000	84.26	26235.95
493	2016.10.18 00:45	sell	247	2.63	1.00304	1.02324	0.00000	
494	2016.10.18 00:46	close	247	2.63	1.00153	1.02324	0.00000	296.95	26532.90
495	2016.10.24 23:14	buy	248	2.66	1.01573	0.99553	0.00000	
496	2016.10.24 23:18	buy	249	3.66	1.01542	0.99522	0.00000	
497	2016.10.25 00:50	close	248	2.66	1.01466	0.99553	0.00000	-211.48	26321.41
498	2016.10.25 00:50	close	249	3.66	1.01463	0.99522	0.00000	-214.34	26107.07
499	2016.10.25 22:07	sell	250	2.61	1.02082	1.04102	0.00000	
500	2016.10.25 23:05	close	250	2.61	1.02038	1.04102	0.00000	85.87	26192.94
501	2016.11.07 00:05	buy	251	2.62	1.02444	1.00424	0.00000	
502	2016.11.07 00:08	close	251	2.62	1.02599	1.00424	0.00000	303.72	26496.66
503	2016.11.07 00:10	buy	252	2.65	1.02562	1.00542	0.00000	
504	2016.11.07 00:14	buy	253	3.66	1.02529	1.00509	0.00000	
505	2016.11.07 02:00	close	252	2.65	1.02582	1.00542	0.00000	39.64	26536.30
506	2016.11.07 02:00	close	253	3.66	1.02584	1.00509	0.00000	150.55	26686.85
507	2016.11.07 23:20	sell	254	2.67	1.03252	1.05272	0.00000	
508	2016.11.07 23:29	sell	255	3.68	1.03304	1.05324	0.00000	
509	2016.11.08 00:26	close	254	2.67	1.03195	1.05272	0.00000	102.04	26788.89
510	2016.11.08 00:26	close	255	3.68	1.03197	1.05324	0.00000	278.22	27067.10
511	2016.11.08 22:35	sell	256	2.71	1.03316	1.05336	0.00000	
512	2016.11.08 22:52	sell	257	3.73	1.03367	1.05387	0.00000	
513	2016.11.08 23:36	close	256	2.71	1.03265	1.05336	0.00000	103.34	27170.44
514	2016.11.08 23:36	close	257	3.73	1.03263	1.05387	0.00000	290.07	27460.51
515	2016.11.09 00:00	buy	258	2.75	1.03073	1.01053	0.00000	
516	2016.11.09 00:07	buy	259	3.79	1.03043	1.01023	0.00000	
517	2016.11.09 02:31	close	258	2.75	1.03054	1.01053	0.00000	-39.08	27421.43
518	2016.11.09 02:31	close	259	3.79	1.03056	1.01023	0.00000	36.85	27458.28
519	2016.11.14 00:00	buy	260	2.75	1.01712	0.99692	0.00000	
520	2016.11.14 00:01	close	260	2.75	1.01891	0.99692	0.00000	368.15	27826.43
521	2016.11.14 00:02	buy	261	2.79	1.01792	0.99772	0.00000	
522	2016.11.14 00:04	close	261	2.79	1.01946	0.99772	0.00000	321.34	28147.77
523	2016.11.16 23:58	sell	262	2.82	1.00601	1.02621	0.00000	
524	2016.11.17 00:45	sell	263	3.87	1.00660	1.02680	0.00000	
525	2016.11.17 01:16	close	262	2.82	1.00541	1.02621	0.00000	89.24	28237.01
526	2016.11.17 01:16	close	263	3.87	1.00538	1.02680	0.00000	353.04	28590.05
527	2016.11.17 23:35	sell	264	2.86	1.00283	1.02303	0.00000	
528	2016.11.17 23:59	close	264	2.86	1.00132	1.02303	0.00000	322.91	28912.96
529	2016.11.21 00:00	buy	265	2.89	0.98899	0.96879	0.00000	
530	2016.11.21 02:00	close	265	2.89	0.98943	0.96879	0.00000	95.10	29008.06
531	2016.11.24 00:06	buy	266	2.90	0.99486	0.97466	0.00000	
532	2016.11.24 00:32	close	266	2.90	0.99623	0.97466	0.00000	297.13	29305.19
533	2016.11.28 00:01	buy	267	2.93	1.00285	0.98265	0.00000	
534	2016.11.28 00:01	close	267	2.93	1.00470	0.98265	0.00000	405.40	29710.59
535	2016.11.29 22:40	sell	268	2.97	1.00504	1.02524	0.00000	
536	2016.11.29 23:14	sell	269	4.10	1.00554	1.02574	0.00000	
537	2016.11.29 23:59	close	268	2.97	1.00463	1.02524	0.00000	91.05	29801.64
538	2016.11.29 23:59	close	269	4.10	1.00458	1.02574	0.00000	294.31	30095.95
539	2016.12.06 22:00	sell	270	3.01	0.99104	1.01124	0.00000	
540	2016.12.06 23:25	close	270	3.01	0.99076	1.01124	0.00000	63.02	30158.97
541	2016.12.07 01:41	sell	271	3.02	0.99151	1.01171	0.00000	
542	2016.12.07 01:58	sell	272	4.16	0.99202	1.01222	0.00000	
543	2016.12.07 02:29	close	271	3.02	0.99092	1.01171	0.00000	133.23	30292.20
544	2016.12.07 02:29	close	272	4.16	0.99088	1.01222	0.00000	354.61	30646.81
545	2016.12.12 00:20	buy	273	3.07	0.97817	0.95797	0.00000	
546	2016.12.12 00:25	buy	274	4.22	0.97765	0.95745	0.00000	
547	2016.12.12 03:00	close	273	3.07	0.97765	0.95797	0.00000	-119.40	30527.41
548	2016.12.12 03:00	close	274	4.22	0.97764	0.95745	0.00000	-3.16	30524.25
549	2016.12.15 23:33	buy	275	3.05	0.98121	0.96101	0.00000	
550	2016.12.16 00:47	close	275	3.05	0.98147	0.96101	0.00000	60.90	30585.15
551	2016.12.19 00:23	buy	276	3.06	0.97059	0.95039	0.00000	
552	2016.12.19 00:28	buy	277	4.22	0.97025	0.95005	0.00000	
553	2016.12.19 01:33	close	276	3.06	0.97204	0.95039	0.00000	331.84	30916.99
554	2016.12.19 01:33	close	277	4.22	0.97203	0.95005	0.00000	561.78	31478.77
555	2016.12.20 00:00	buy	278	3.15	0.97069	0.95049	0.00000	
556	2016.12.20 01:06	close	278	3.15	0.97147	0.95049	0.00000	183.76	31662.53
557	2016.12.21 23:35	buy	279	3.17	0.97042	0.95022	0.00000	
558	2016.12.22 00:00	buy	280	4.31	0.96839	0.94819	0.00000	
559	2016.12.22 00:10	close	279	3.17	0.97125	0.95022	0.00000	201.72	31864.25
560	2016.12.22 00:10	close	280	4.31	0.97119	0.94819	0.00000	902.55	32766.80
561	2016.12.22 22:47	sell	281	3.28	0.97332	0.99352	0.00000	
562	2016.12.22 23:35	close	281	3.28	0.97271	0.99352	0.00000	149.60	32916.40
563	2016.12.27 23:48	sell	282	3.29	0.97546	0.99566	0.00000	
564	2016.12.27 23:59	close	282	3.29	0.97424	0.99566	0.00000	300.13	33216.53
565	2016.12.29 23:41	sell	283	3.32	0.97447	0.99467	0.00000	
566	2016.12.30 03:00	close	283	3.32	0.97544	0.99467	0.00000	-255.43	32961.10
567	2017.01.04 00:00	buy	284	3.30	0.96882	0.94862	0.00000	
568	2017.01.04 01:03	close	284	3.30	0.96938	0.94862	0.00000	138.21	33099.31
569	2017.01.04 23:00	sell	285	3.31	0.96895	0.98915	0.00000	
570	2017.01.05 00:00	close	285	3.31	0.96798	0.98915	0.00000	196.33	33295.64
571	2017.01.05 22:36	sell	286	3.33	0.97192	0.99212	0.00000	
572	2017.01.05 23:40	close	286	3.33	0.97153	0.99212	0.00000	97.11	33392.75
573	2017.01.10 00:00	buy	287	3.34	0.97154	0.95134	0.00000	
574	2017.01.10 00:15	close	287	3.34	0.97271	0.95134	0.00000	292.26	33685.01
575	2017.01.10 23:15	sell	288	3.37	0.97495	0.99515	0.00000	
576	2017.01.10 23:45	sell	289	4.64	0.97547	0.99567	0.00000	
577	2017.01.11 00:00	close	288	3.37	0.97443	0.99515	0.00000	116.18	33801.19
578	2017.01.11 00:00	close	289	4.64	0.97445	0.99567	0.00000	333.45	34134.64
579	2017.01.12 22:00	buy	290	3.42	0.98331	0.96311	0.00000	
580	2017.01.12 23:12	close	290	3.42	0.98396	0.96311	0.00000	166.26	34300.90
581	2017.01.25 23:25	sell	291	3.43	0.98954	1.00974	0.00000	
582	2017.01.25 23:40	sell	292	4.73	0.99007	1.01027	0.00000	
583	2017.01.26 00:01	close	291	3.43	0.98778	1.00974	0.00000	406.05	34706.96
584	2017.01.26 00:01	close	292	4.73	0.98792	1.01027	0.00000	697.89	35404.85
585	2017.01.31 23:00	buy	293	3.54	0.98637	0.96617	0.00000	
586	2017.01.31 23:10	close	293	3.54	0.98734	0.96617	0.00000	256.81	35661.66
587	2017.02.07 01:10	buy	294	3.57	1.00079	0.98059	0.00000	
588	2017.02.07 03:00	close	294	3.57	1.00026	0.98059	0.00000	-141.51	35520.15
589	2017.02.08 22:00	buy	295	3.55	1.00408	0.98388	0.00000	
590	2017.02.08 23:04	close	295	3.55	1.00453	0.98388	0.00000	119.47	35639.62
591	2017.02.13 01:45	sell	296	3.57	1.00611	1.02631	0.00000	
592	2017.02.13 02:16	close	296	3.57	1.00502	1.02631	0.00000	290.97	35930.59
593	2017.02.13 23:59	buy	297	3.60	0.99827	0.97807	0.00000	
594	2017.02.14 01:10	close	297	3.60	0.99875	0.97807	0.00000	131.11	36061.70
595	2017.02.15 00:21	sell	298	3.61	1.00283	1.02303	0.00000	
596	2017.02.15 00:24	sell	299	4.96	1.00348	1.02368	0.00000	
597	2017.02.15 02:44	close	298	3.61	1.00252	1.02303	0.00000	83.68	36145.38
598	2017.02.15 02:44	close	299	4.96	1.00250	1.02368	0.00000	363.46	36508.84
599	2017.02.15 22:40	sell	300	3.65	1.00869	1.02889	0.00000	
600	2017.02.15 23:45	close	300	3.65	1.00833	1.02889	0.00000	98.25	36607.09